"DATABASE_NAME","CUBE_NAME","MEASURE_GROUP_NAME","DIMENSION_NAME","ATTRIBUTE_NAME","TABLE_ID","COLUMN_ID","COLUMN_TYPE","COLUMN_ENCODING","DATATYPE","ISKEY","ISUNIQUE","ISNULLABLE","ISROWNUMBER","DICTIONARY_SIZE","DICTIONARY_ISPAGEABLE","DICTIONARY_ISRESIDENT","DICTIONARY_TEMPERATURE","DICTIONARY_LAST_ACCESSED","STRING_INDEX_SIZE","FULLTEXT_INDEX_SIZE"
"ab2b7759-59d9-4189-8c4b-9009e8a80a7d","Model","Date","Date","RowNumber-2662979B-1795-4F74-8F37-6A1BA8059B61","Date (10)","RowNumber 2662979B 1795 4F74 8F37 6A1BA8059B61 (11)","BASIC_DATA","2","DBTYPE_I8","False","True","False","True","144",,,,,"0","0"
"ab2b7759-59d9-4189-8c4b-9009e8a80a7d","Model","Date","Date","Date","Date (10)","Date (48)","BASIC_DATA","1","DBTYPE_DATE","True","True","False","False","170616",,,,,"0","0"
"ab2b7759-59d9-4189-8c4b-9009e8a80a7d","Model","Date","Date","Year","Date (10)","Year (49)","BASIC_DATA","1","DBTYPE_I8","False","False","True","False","1336",,,,,"0","0"
"ab2b7759-59d9-4189-8c4b-9009e8a80a7d","Model","Date","Date","Quarter","Date (10)","Quarter (50)","BASIC_DATA","1","DBTYPE_WSTR","False","False","True","False","1065680",,,,,"0","0"
"ab2b7759-59d9-4189-8c4b-9009e8a80a7d","Model","Date","Date","Quarter Year","Date (10)","Quarter Year (51)","BASIC_DATA","1","DBTYPE_WSTR","False","False","True","False","18032",,,,,"0","0"
"ab2b7759-59d9-4189-8c4b-9009e8a80a7d","Model","Date","Date","Quarter Year Sort","Date (10)","Quarter Year Sort (52)","BASIC_DATA","1","DBTYPE_I8","False","False","True","False","1456",,,,,"0","0"
"ab2b7759-59d9-4189-8c4b-9009e8a80a7d","Model","Date","Date","Month No","Date (10)","Month No (53)","BASIC_DATA","1","DBTYPE_I8","False","False","True","False","1344",,,,,"0","0"
"ab2b7759-59d9-4189-8c4b-9009e8a80a7d","Model","Date","Date","Month","Date (10)","Month (54)","BASIC_DATA","1","DBTYPE_WSTR","False","False","True","False","17340",,,,,"0","0"
"ab2b7759-59d9-4189-8c4b-9009e8a80a7d","Model","Date","Date","Month Short","Date (10)","Month Short (55)","BASIC_DATA","1","DBTYPE_WSTR","False","False","True","False","17264",,,,,"0","0"
"ab2b7759-59d9-4189-8c4b-9009e8a80a7d","Model","Date","Date","Month Year","Date (10)","Month Year (56)","BASIC_DATA","1","DBTYPE_WSTR","False","False","True","False","20140",,,,,"0","0"
"ab2b7759-59d9-4189-8c4b-9009e8a80a7d","Model","Date","Date","Month Year Sort","Date (10)","Month Year Sort (57)","BASIC_DATA","1","DBTYPE_I8","False","False","True","False","2792",,,,,"0","0"
"ab2b7759-59d9-4189-8c4b-9009e8a80a7d","Model","Date","Date","Month Start","Date (10)","Month Start (58)","BASIC_DATA","1","DBTYPE_DATE","False","False","True","False","5284",,,,,"0","0"
"ab2b7759-59d9-4189-8c4b-9009e8a80a7d","Model","Date","Date","Day of Week","Date (10)","Day of Week (59)","BASIC_DATA","1","DBTYPE_I8","False","False","True","False","1324",,,,,"0","0"
"ab2b7759-59d9-4189-8c4b-9009e8a80a7d","Model","Date","Date","Day","Date (10)","Day (60)","BASIC_DATA","1","DBTYPE_WSTR","False","False","True","False","17242",,,,,"0","0"
"ab2b7759-59d9-4189-8c4b-9009e8a80a7d","Model","Date","Date","Is Weekend","Date (10)","Is Weekend (61)","BASIC_DATA","1","DBTYPE_WSTR","False","False","True","False","1065664",,,,,"0","0"
"ab2b7759-59d9-4189-8c4b-9009e8a80a7d","Model","Date","Date","In Like For Like Period","Date (10)","In Like For Like Period (62)","BASIC_DATA","1","DBTYPE_WSTR","False","False","True","False","1065664",,,,,"0","0"
"ab2b7759-59d9-4189-8c4b-9009e8a80a7d","Model","Date","Date","Is Complete Year","Date (10)","Is Complete Year (63)","BASIC_DATA","1","DBTYPE_WSTR","False","False","True","False","1065664",,,,,"0","0"
"ab2b7759-59d9-4189-8c4b-9009e8a80a7d","Model","Client","Client","RowNumber-2662979B-1795-4F74-8F37-6A1BA8059B61","Client (13)","RowNumber 2662979B 1795 4F74 8F37 6A1BA8059B61 (14)","BASIC_DATA","2","DBTYPE_I8","False","True","False","True","144",,,,,"0","0"
"ab2b7759-59d9-4189-8c4b-9009e8a80a7d","Model","Client","Client","Client","Client (13)","Client (64)","BASIC_DATA","1","DBTYPE_I8","True","True","False","False","5016",,,,,"0","0"
"ab2b7759-59d9-4189-8c4b-9009e8a80a7d","Model","Client","Client","Gender","Client (13)","Gender (65)","BASIC_DATA","1","DBTYPE_WSTR","False","False","True","False","1065664",,,,,"0","0"
"ab2b7759-59d9-4189-8c4b-9009e8a80a7d","Model","Client","Client","Age","Client (13)","Age (66)","BASIC_DATA","2","DBTYPE_I8","False","False","True","False","144",,,,,"0","0"
"ab2b7759-59d9-4189-8c4b-9009e8a80a7d","Model","Client","Client","Age Band","Client (13)","Age Band (67)","BASIC_DATA","1","DBTYPE_WSTR","False","False","True","False","17174",,,,,"0","0"
"ab2b7759-59d9-4189-8c4b-9009e8a80a7d","Model","Client","Client","Age Band Sort","Client (13)","Age Band Sort (68)","BASIC_DATA","1","DBTYPE_I8","False","False","True","False","1316",,,,,"0","0"
"ab2b7759-59d9-4189-8c4b-9009e8a80a7d","Model","Client","Client","Birth Year","Client (13)","Birth Year (69)","BASIC_DATA","2","DBTYPE_I8","False","False","True","False","144",,,,,"0","0"
"ab2b7759-59d9-4189-8c4b-9009e8a80a7d","Model","Client","Client","Retirement Age","Client (13)","Retirement Age (70)","BASIC_DATA","2","DBTYPE_I8","False","False","True","False","144",,,,,"0","0"
"ab2b7759-59d9-4189-8c4b-9009e8a80a7d","Model","Client","Client","Yearly Income","Client (13)","Yearly Income (71)","BASIC_DATA","2","DBTYPE_R8","False","False","True","False","144",,,,,"0","0"
"ab2b7759-59d9-4189-8c4b-9009e8a80a7d","Model","Client","Client","Income Band","Client (13)","Income Band (72)","BASIC_DATA","1","DBTYPE_WSTR","False","False","True","False","17210",,,,,"0","0"
"ab2b7759-59d9-4189-8c4b-9009e8a80a7d","Model","Client","Client","Income Band Sort","Client (13)","Income Band Sort (73)","BASIC_DATA","1","DBTYPE_I8","False","False","True","False","1316",,,,,"0","0"
"ab2b7759-59d9-4189-8c4b-9009e8a80a7d","Model","Client","Client","Per Capita Income","Client (13)","Per Capita Income (74)","BASIC_DATA","2","DBTYPE_R8","False","False","True","False","144",,,,,"0","0"
"ab2b7759-59d9-4189-8c4b-9009e8a80a7d","Model","Client","Client","Total Debt","Client (13)","Total Debt (75)","BASIC_DATA","2","DBTYPE_R8","False","False","True","False","144",,,,,"0","0"
"ab2b7759-59d9-4189-8c4b-9009e8a80a7d","Model","Client","Client","Debt to Income","Client (13)","Debt to Income (76)","BASIC_DATA","2","DBTYPE_R8","False","False","True","False","144",,,,,"0","0"
"ab2b7759-59d9-4189-8c4b-9009e8a80a7d","Model","Client","Client","Credit Score","Client (13)","Credit Score (77)","BASIC_DATA","2","DBTYPE_I8","False","False","True","False","144",,,,,"0","0"
"ab2b7759-59d9-4189-8c4b-9009e8a80a7d","Model","Client","Client","Credit Score Band","Client (13)","Credit Score Band (78)","BASIC_DATA","1","DBTYPE_WSTR","False","False","True","False","17274",,,,,"0","0"
"ab2b7759-59d9-4189-8c4b-9009e8a80a7d","Model","Client","Client","Credit Score Band Sort","Client (13)","Credit Score Band Sort (79)","BASIC_DATA","1","DBTYPE_I8","False","False","True","False","1316",,,,,"0","0"
"ab2b7759-59d9-4189-8c4b-9009e8a80a7d","Model","Client","Client","Cards Held","Client (13)","Cards Held (80)","BASIC_DATA","2","DBTYPE_I8","False","False","True","False","144",,,,,"0","0"
"ab2b7759-59d9-4189-8c4b-9009e8a80a7d","Model","Card","Card","RowNumber-2662979B-1795-4F74-8F37-6A1BA8059B61","Card (16)","RowNumber 2662979B 1795 4F74 8F37 6A1BA8059B61 (17)","BASIC_DATA","2","DBTYPE_I8","False","True","False","True","144",,,,,"0","0"
"ab2b7759-59d9-4189-8c4b-9009e8a80a7d","Model","Card","Card","Card","Card (16)","Card (81)","BASIC_DATA","1","DBTYPE_I8","True","True","False","False","19256",,,,,"0","0"
"ab2b7759-59d9-4189-8c4b-9009e8a80a7d","Model","Card","Card","Client Key","Card (16)","Client Key (82)","BASIC_DATA","2","DBTYPE_I8","False","False","True","False","144",,,,,"0","0"
"ab2b7759-59d9-4189-8c4b-9009e8a80a7d","Model","Card","Card","Card Brand","Card (16)","Card Brand (83)","BASIC_DATA","1","DBTYPE_WSTR","False","False","True","False","1065680",,,,,"0","0"
"ab2b7759-59d9-4189-8c4b-9009e8a80a7d","Model","Card","Card","Card Type","Card (16)","Card Type (84)","BASIC_DATA","1","DBTYPE_WSTR","False","False","True","False","1065672",,,,,"0","0"
"ab2b7759-59d9-4189-8c4b-9009e8a80a7d","Model","Card","Card","Chip","Card (16)","Chip (85)","BASIC_DATA","1","DBTYPE_WSTR","False","False","True","False","1065664",,,,,"0","0"
"ab2b7759-59d9-4189-8c4b-9009e8a80a7d","Model","Card","Card","Credit Limit","Card (16)","Credit Limit (86)","BASIC_DATA","2","DBTYPE_R8","False","False","True","False","144",,,,,"0","0"
"ab2b7759-59d9-4189-8c4b-9009e8a80a7d","Model","Card","Card","Credit Limit Band","Card (16)","Credit Limit Band (87)","BASIC_DATA","1","DBTYPE_WSTR","False","False","True","False","17202",,,,,"0","0"
"ab2b7759-59d9-4189-8c4b-9009e8a80a7d","Model","Card","Card","Credit Limit Band Sort","Card (16)","Credit Limit Band Sort (88)","BASIC_DATA","1","DBTYPE_I8","False","False","True","False","1316",,,,,"0","0"
"ab2b7759-59d9-4189-8c4b-9009e8a80a7d","Model","Card","Card","Account Opened","Card (16)","Account Opened (89)","BASIC_DATA","2","DBTYPE_DATE","False","False","True","False","144",,,,,"0","0"
"ab2b7759-59d9-4189-8c4b-9009e8a80a7d","Model","Card","Card","Account Opened Year","Card (16)","Account Opened Year (90)","BASIC_DATA","1","DBTYPE_I8","False","False","True","False","1412",,,,,"0","0"
"ab2b7759-59d9-4189-8c4b-9009e8a80a7d","Model","Card","Card","Cards Issued","Card (16)","Cards Issued (91)","BASIC_DATA","1","DBTYPE_I8","False","False","True","False","1308",,,,,"0","0"
"ab2b7759-59d9-4189-8c4b-9009e8a80a7d","Model","Card","Card","PIN Last Changed","Card (16)","PIN Last Changed (92)","BASIC_DATA","1","DBTYPE_I8","False","False","True","False","1368",,,,,"0","0"
"ab2b7759-59d9-4189-8c4b-9009e8a80a7d","Model","Merchant Category","Merchant Category","RowNumber-2662979B-1795-4F74-8F37-6A1BA8059B61","Merchant Category (19)","RowNumber 2662979B 1795 4F74 8F37 6A1BA8059B61 (20)","BASIC_DATA","2","DBTYPE_I8","False","True","False","True","144",,,,,"0","0"
"ab2b7759-59d9-4189-8c4b-9009e8a80a7d","Model","Merchant Category","Merchant Category","MCC","Merchant Category (19)","MCC (93)","BASIC_DATA","1","DBTYPE_I8","True","True","False","False","2788",,,,,"0","0"
"ab2b7759-59d9-4189-8c4b-9009e8a80a7d","Model","Merchant Category","Merchant Category","Merchant Category","Merchant Category (19)","Merchant Category (94)","BASIC_DATA","1","DBTYPE_WSTR","False","False","True","False","1066512",,,,,"0","0"
"ab2b7759-59d9-4189-8c4b-9009e8a80a7d","Model","Merchant Category","Merchant Category","Category Group","Merchant Category (19)","Category Group (95)","BASIC_DATA","1","DBTYPE_WSTR","False","False","True","False","1065752",,,,,"0","0"
"ab2b7759-59d9-4189-8c4b-9009e8a80a7d","Model","Channel","Channel","RowNumber-2662979B-1795-4F74-8F37-6A1BA8059B61","Channel (22)","RowNumber 2662979B 1795 4F74 8F37 6A1BA8059B61 (23)","BASIC_DATA","2","DBTYPE_I8","False","True","False","True","144",,,,,"0","0"
"ab2b7759-59d9-4189-8c4b-9009e8a80a7d","Model","Channel","Channel","Channel Key","Channel (22)","Channel Key (96)","BASIC_DATA","1","DBTYPE_I8","True","True","False","False","1308",,,,,"0","0"
"ab2b7759-59d9-4189-8c4b-9009e8a80a7d","Model","Channel","Channel","Channel","Channel (22)","Channel (97)","BASIC_DATA","1","DBTYPE_WSTR","False","False","True","False","17132",,,,,"0","0"
"ab2b7759-59d9-4189-8c4b-9009e8a80a7d","Model","Channel","Channel","Channel Sort","Channel (22)","Channel Sort (98)","BASIC_DATA","2","DBTYPE_I8","False","False","True","False","144",,,,,"0","0"
"ab2b7759-59d9-4189-8c4b-9009e8a80a7d","Model","Channel","Channel","Presentment","Channel (22)","Presentment (99)","BASIC_DATA","1","DBTYPE_WSTR","False","False","True","False","1065664",,,,,"0","0"
"ab2b7759-59d9-4189-8c4b-9009e8a80a7d","Model","Outcome","Outcome","RowNumber-2662979B-1795-4F74-8F37-6A1BA8059B61","Outcome (25)","RowNumber 2662979B 1795 4F74 8F37 6A1BA8059B61 (26)","BASIC_DATA","2","DBTYPE_I8","False","True","False","True","144",,,,,"0","0"
"ab2b7759-59d9-4189-8c4b-9009e8a80a7d","Model","Outcome","Outcome","Outcome Key","Outcome (25)","Outcome Key (100)","BASIC_DATA","1","DBTYPE_I8","True","True","False","False","1332",,,,,"0","0"
"ab2b7759-59d9-4189-8c4b-9009e8a80a7d","Model","Outcome","Outcome","Outcome","Outcome (25)","Outcome (101)","BASIC_DATA","1","DBTYPE_WSTR","False","False","True","False","17392",,,,,"0","0"
"ab2b7759-59d9-4189-8c4b-9009e8a80a7d","Model","Outcome","Outcome","Outcome Sort","Outcome (25)","Outcome Sort (102)","BASIC_DATA","2","DBTYPE_I8","False","False","True","False","144",,,,,"0","0"
"ab2b7759-59d9-4189-8c4b-9009e8a80a7d","Model","Outcome","Outcome","Outcome Class","Outcome (25)","Outcome Class (103)","BASIC_DATA","1","DBTYPE_WSTR","False","False","True","False","1065696",,,,,"0","0"
"ab2b7759-59d9-4189-8c4b-9009e8a80a7d","Model","Outcome","Outcome","Is Approved","Outcome (25)","Is Approved (104)","BASIC_DATA","1","DBTYPE_WSTR","False","False","True","False","1065664",,,,,"0","0"
"ab2b7759-59d9-4189-8c4b-9009e8a80a7d","Model","Geography","Geography","RowNumber-2662979B-1795-4F74-8F37-6A1BA8059B61","Geography (28)","RowNumber 2662979B 1795 4F74 8F37 6A1BA8059B61 (29)","BASIC_DATA","2","DBTYPE_I8","False","True","False","True","144",,,,,"0","0"
"ab2b7759-59d9-4189-8c4b-9009e8a80a7d","Model","Geography","Geography","Geo Key","Geography (28)","Geo Key (105)","BASIC_DATA","1","DBTYPE_I8","True","True","False","False","2820",,,,,"0","0"
"ab2b7759-59d9-4189-8c4b-9009e8a80a7d","Model","Geography","Geography","Location","Geography (28)","Location (106)","BASIC_DATA","1","DBTYPE_WSTR","False","False","True","False","1066640",,,,,"0","0"
"ab2b7759-59d9-4189-8c4b-9009e8a80a7d","Model","Geography","Geography","Location Type","Geography (28)","Location Type (107)","BASIC_DATA","1","DBTYPE_WSTR","False","False","True","False","1065680",,,,,"0","0"
"ab2b7759-59d9-4189-8c4b-9009e8a80a7d","Model","Geography","Geography","State Code","Geography (28)","State Code (108)","BASIC_DATA","1","DBTYPE_WSTR","False","False","True","False","1066064",,,,,"0","0"
"ab2b7759-59d9-4189-8c4b-9009e8a80a7d","Model","Geography","Geography","Country","Geography (28)","Country (109)","BASIC_DATA","1","DBTYPE_WSTR","False","False","True","False","1066240",,,,,"0","0"
"ab2b7759-59d9-4189-8c4b-9009e8a80a7d","Model","Fraud Status","Fraud Status","RowNumber-2662979B-1795-4F74-8F37-6A1BA8059B61","Fraud Status (31)","RowNumber 2662979B 1795 4F74 8F37 6A1BA8059B61 (32)","BASIC_DATA","2","DBTYPE_I8","False","True","False","True","144",,,,,"0","0"
"ab2b7759-59d9-4189-8c4b-9009e8a80a7d","Model","Fraud Status","Fraud Status","Fraud Key","Fraud Status (31)","Fraud Key (110)","BASIC_DATA","1","DBTYPE_I8","True","True","False","False","1308",,,,,"0","0"
"ab2b7759-59d9-4189-8c4b-9009e8a80a7d","Model","Fraud Status","Fraud Status","Fraud Status","Fraud Status (31)","Fraud Status (111)","BASIC_DATA","1","DBTYPE_WSTR","False","False","True","False","17194",,,,,"0","0"
"ab2b7759-59d9-4189-8c4b-9009e8a80a7d","Model","Fraud Status","Fraud Status","Fraud Sort","Fraud Status (31)","Fraud Sort (112)","BASIC_DATA","2","DBTYPE_I8","False","False","True","False","144",,,,,"0","0"
"ab2b7759-59d9-4189-8c4b-9009e8a80a7d","Model","Fraud Status","Fraud Status","Is Labelled","Fraud Status (31)","Is Labelled (113)","BASIC_DATA","1","DBTYPE_WSTR","False","False","True","False","1065664",,,,,"0","0"
"ab2b7759-59d9-4189-8c4b-9009e8a80a7d","Model","Fraud Status","Fraud Status","Is Fraud","Fraud Status (31)","Is Fraud (114)","BASIC_DATA","1","DBTYPE_WSTR","False","False","True","False","1065664",,,,,"0","0"
"ab2b7759-59d9-4189-8c4b-9009e8a80a7d","Model","Transactions","Transactions","RowNumber-2662979B-1795-4F74-8F37-6A1BA8059B61","Transactions (34)","RowNumber 2662979B 1795 4F74 8F37 6A1BA8059B61 (35)","BASIC_DATA","2","DBTYPE_I8","True","True","False","True","144",,,,,"0","0"
"ab2b7759-59d9-4189-8c4b-9009e8a80a7d","Model","Transactions","Transactions","Date","Transactions (34)","Date (115)","BASIC_DATA","1","DBTYPE_DATE","False","False","True","False","170616",,,,,"0","0"
"ab2b7759-59d9-4189-8c4b-9009e8a80a7d","Model","Transactions","Transactions","Hour","Transactions (34)","Hour (116)","BASIC_DATA","1","DBTYPE_I8","False","False","True","False","1392",,,,,"0","0"
"ab2b7759-59d9-4189-8c4b-9009e8a80a7d","Model","Transactions","Transactions","Client Key","Transactions (34)","Client Key (117)","BASIC_DATA","1","DBTYPE_I8","False","False","True","False","5016",,,,,"0","0"
"ab2b7759-59d9-4189-8c4b-9009e8a80a7d","Model","Transactions","Transactions","Card Key","Transactions (34)","Card Key (118)","BASIC_DATA","1","DBTYPE_I8","False","False","True","False","11052",,,,,"0","0"
"ab2b7759-59d9-4189-8c4b-9009e8a80a7d","Model","Transactions","Transactions","MCC","Transactions (34)","MCC (119)","BASIC_DATA","1","DBTYPE_I8","False","False","True","False","2788",,,,,"0","0"
"ab2b7759-59d9-4189-8c4b-9009e8a80a7d","Model","Transactions","Transactions","Channel Key","Transactions (34)","Channel Key (120)","BASIC_DATA","1","DBTYPE_I8","False","False","True","False","1308",,,,,"0","0"
"ab2b7759-59d9-4189-8c4b-9009e8a80a7d","Model","Transactions","Transactions","Outcome Key","Transactions (34)","Outcome Key (121)","BASIC_DATA","1","DBTYPE_I8","False","False","True","False","1332",,,,,"0","0"
"ab2b7759-59d9-4189-8c4b-9009e8a80a7d","Model","Transactions","Transactions","Geo Key","Transactions (34)","Geo Key (122)","BASIC_DATA","1","DBTYPE_I8","False","False","True","False","2820",,,,,"0","0"
"ab2b7759-59d9-4189-8c4b-9009e8a80a7d","Model","Transactions","Transactions","Fraud Key","Transactions (34)","Fraud Key (123)","BASIC_DATA","1","DBTYPE_I8","False","False","True","False","1308",,,,,"0","0"
"ab2b7759-59d9-4189-8c4b-9009e8a80a7d","Model","Transactions","Transactions","Amount","Transactions (34)","Amount (124)","BASIC_DATA","2","DBTYPE_R8","False","False","True","False","144",,,,,"0","0"
"ab2b7759-59d9-4189-8c4b-9009e8a80a7d","Model","Metrics","Metrics","RowNumber-2662979B-1795-4F74-8F37-6A1BA8059B61","Metrics (37)","RowNumber 2662979B 1795 4F74 8F37 6A1BA8059B61 (38)","BASIC_DATA","2","DBTYPE_I8","True","True","False","True","144",,,,,"0","0"
"ab2b7759-59d9-4189-8c4b-9009e8a80a7d","Model","Metrics","Metrics","Column","Metrics (37)","Column (125)","BASIC_DATA","1","DBTYPE_WSTR","False","False","True","False","16904",,,,,"0","0"
"ab2b7759-59d9-4189-8c4b-9009e8a80a7d","Model","Transactions","Transactions",,"R$Transactions (34)$Category to Transactions (43)","INDEX","RELATIONSHIP","0","N/A","False","False","True","False","0",,,,,"0","0"
"ab2b7759-59d9-4189-8c4b-9009e8a80a7d","Model","Transactions","Transactions",,"R$Transactions (34)$Outcome to Transactions (45)","INDEX","RELATIONSHIP","0","N/A","False","False","True","False","0",,,,,"0","0"
"ab2b7759-59d9-4189-8c4b-9009e8a80a7d","Model","Transactions","Transactions",,"R$Transactions (34)$Geography to Transactions (46)","INDEX","RELATIONSHIP","0","N/A","False","False","True","False","0",,,,,"0","0"
"ab2b7759-59d9-4189-8c4b-9009e8a80a7d","Model","Transactions","Transactions",,"R$Transactions (34)$Channel to Transactions (44)","INDEX","RELATIONSHIP","0","N/A","False","False","True","False","0",,,,,"0","0"
"ab2b7759-59d9-4189-8c4b-9009e8a80a7d","Model","Transactions","Transactions",,"R$Transactions (34)$Client to Transactions (41)","INDEX","RELATIONSHIP","0","N/A","False","False","True","False","0",,,,,"0","0"
"ab2b7759-59d9-4189-8c4b-9009e8a80a7d","Model","Transactions","Transactions",,"R$Transactions (34)$Date to Transactions (40)","INDEX","RELATIONSHIP","0","N/A","False","False","True","False","0",,,,,"0","0"
"ab2b7759-59d9-4189-8c4b-9009e8a80a7d","Model","Transactions","Transactions",,"R$Transactions (34)$Fraud to Transactions (47)","INDEX","RELATIONSHIP","0","N/A","False","False","True","False","0",,,,,"0","0"
"ab2b7759-59d9-4189-8c4b-9009e8a80a7d","Model","Transactions","Transactions",,"R$Transactions (34)$Card to Transactions (42)","INDEX","RELATIONSHIP","0","N/A","False","False","True","False","0",,,,,"0","0"
"ab2b7759-59d9-4189-8c4b-9009e8a80a7d","Model","Channel","Channel","Presentment","H$Channel (22)$Presentment (99)","POS_TO_ID","HIERARCHY_POSITION_TO_DATAID","0","N/A","False","False","True","False","0",,,,,"0","0"
"ab2b7759-59d9-4189-8c4b-9009e8a80a7d","Model","Channel","Channel","Presentment","H$Channel (22)$Presentment (99)","ID_TO_POS","HIERARCHY_DATAID_TO_POSITION","0","N/A","False","False","True","False","0",,,,,"0","0"
"ab2b7759-59d9-4189-8c4b-9009e8a80a7d","Model","Channel","Channel","Channel Sort","H$Channel (22)$Channel Sort (98)","POS_TO_ID","HIERARCHY_POSITION_TO_DATAID","0","N/A","False","False","True","False","0",,,,,"0","0"
"ab2b7759-59d9-4189-8c4b-9009e8a80a7d","Model","Channel","Channel","Channel Key","H$Channel (22)$Channel Key (96)","POS_TO_ID","HIERARCHY_POSITION_TO_DATAID","0","N/A","False","False","True","False","0",,,,,"0","0"
"ab2b7759-59d9-4189-8c4b-9009e8a80a7d","Model","Channel","Channel","Channel Key","H$Channel (22)$Channel Key (96)","ID_TO_POS","HIERARCHY_DATAID_TO_POSITION","0","N/A","False","False","True","False","0",,,,,"0","0"
"ab2b7759-59d9-4189-8c4b-9009e8a80a7d","Model","Outcome","Outcome","Outcome Sort","H$Outcome (25)$Outcome Sort (102)","POS_TO_ID","HIERARCHY_POSITION_TO_DATAID","0","N/A","False","False","True","False","0",,,,,"0","0"
"ab2b7759-59d9-4189-8c4b-9009e8a80a7d","Model","Outcome","Outcome","Outcome Class","H$Outcome (25)$Outcome Class (103)","POS_TO_ID","HIERARCHY_POSITION_TO_DATAID","0","N/A","False","False","True","False","0",,,,,"0","0"
"ab2b7759-59d9-4189-8c4b-9009e8a80a7d","Model","Outcome","Outcome","Outcome Class","H$Outcome (25)$Outcome Class (103)","ID_TO_POS","HIERARCHY_DATAID_TO_POSITION","0","N/A","False","False","True","False","0",,,,,"0","0"
"ab2b7759-59d9-4189-8c4b-9009e8a80a7d","Model","Outcome","Outcome","Is Approved","H$Outcome (25)$Is Approved (104)","POS_TO_ID","HIERARCHY_POSITION_TO_DATAID","0","N/A","False","False","True","False","0",,,,,"0","0"
"ab2b7759-59d9-4189-8c4b-9009e8a80a7d","Model","Outcome","Outcome","Is Approved","H$Outcome (25)$Is Approved (104)","ID_TO_POS","HIERARCHY_DATAID_TO_POSITION","0","N/A","False","False","True","False","0",,,,,"0","0"
"ab2b7759-59d9-4189-8c4b-9009e8a80a7d","Model","Outcome","Outcome","Outcome Key","H$Outcome (25)$Outcome Key (100)","POS_TO_ID","HIERARCHY_POSITION_TO_DATAID","0","N/A","False","False","True","False","0",,,,,"0","0"
"ab2b7759-59d9-4189-8c4b-9009e8a80a7d","Model","Outcome","Outcome","Outcome Key","H$Outcome (25)$Outcome Key (100)","ID_TO_POS","HIERARCHY_DATAID_TO_POSITION","0","N/A","False","False","True","False","0",,,,,"0","0"
"ab2b7759-59d9-4189-8c4b-9009e8a80a7d","Model","Channel","Channel","Channel","H$Channel (22)$Channel (97)","POS_TO_ID","HIERARCHY_POSITION_TO_DATAID","0","N/A","False","False","True","False","0",,,,,"0","0"
"ab2b7759-59d9-4189-8c4b-9009e8a80a7d","Model","Channel","Channel","Channel","H$Channel (22)$Channel (97)","ID_TO_POS","HIERARCHY_DATAID_TO_POSITION","0","N/A","False","False","True","False","0",,,,,"0","0"
"ab2b7759-59d9-4189-8c4b-9009e8a80a7d","Model","Outcome","Outcome","Outcome","H$Outcome (25)$Outcome (101)","POS_TO_ID","HIERARCHY_POSITION_TO_DATAID","0","N/A","False","False","True","False","0",,,,,"0","0"
"ab2b7759-59d9-4189-8c4b-9009e8a80a7d","Model","Outcome","Outcome","Outcome","H$Outcome (25)$Outcome (101)","ID_TO_POS","HIERARCHY_DATAID_TO_POSITION","0","N/A","False","False","True","False","0",,,,,"0","0"
"ab2b7759-59d9-4189-8c4b-9009e8a80a7d","Model","Fraud Status","Fraud Status","Is Fraud","H$Fraud Status (31)$Is Fraud (114)","POS_TO_ID","HIERARCHY_POSITION_TO_DATAID","0","N/A","False","False","True","False","0",,,,,"0","0"
"ab2b7759-59d9-4189-8c4b-9009e8a80a7d","Model","Fraud Status","Fraud Status","Is Fraud","H$Fraud Status (31)$Is Fraud (114)","ID_TO_POS","HIERARCHY_DATAID_TO_POSITION","0","N/A","False","False","True","False","0",,,,,"0","0"
"ab2b7759-59d9-4189-8c4b-9009e8a80a7d","Model","Fraud Status","Fraud Status","Fraud Key","H$Fraud Status (31)$Fraud Key (110)","POS_TO_ID","HIERARCHY_POSITION_TO_DATAID","0","N/A","False","False","True","False","0",,,,,"0","0"
"ab2b7759-59d9-4189-8c4b-9009e8a80a7d","Model","Fraud Status","Fraud Status","Fraud Key","H$Fraud Status (31)$Fraud Key (110)","ID_TO_POS","HIERARCHY_DATAID_TO_POSITION","0","N/A","False","False","True","False","0",,,,,"0","0"
"ab2b7759-59d9-4189-8c4b-9009e8a80a7d","Model","Fraud Status","Fraud Status","Is Labelled","H$Fraud Status (31)$Is Labelled (113)","POS_TO_ID","HIERARCHY_POSITION_TO_DATAID","0","N/A","False","False","True","False","0",,,,,"0","0"
"ab2b7759-59d9-4189-8c4b-9009e8a80a7d","Model","Fraud Status","Fraud Status","Is Labelled","H$Fraud Status (31)$Is Labelled (113)","ID_TO_POS","HIERARCHY_DATAID_TO_POSITION","0","N/A","False","False","True","False","0",,,,,"0","0"
"ab2b7759-59d9-4189-8c4b-9009e8a80a7d","Model","Fraud Status","Fraud Status","Fraud Sort","H$Fraud Status (31)$Fraud Sort (112)","POS_TO_ID","HIERARCHY_POSITION_TO_DATAID","0","N/A","False","False","True","False","0",,,,,"0","0"
"ab2b7759-59d9-4189-8c4b-9009e8a80a7d","Model","Fraud Status","Fraud Status","Fraud Status","H$Fraud Status (31)$Fraud Status (111)","POS_TO_ID","HIERARCHY_POSITION_TO_DATAID","0","N/A","False","False","True","False","0",,,,,"0","0"
"ab2b7759-59d9-4189-8c4b-9009e8a80a7d","Model","Fraud Status","Fraud Status","Fraud Status","H$Fraud Status (31)$Fraud Status (111)","ID_TO_POS","HIERARCHY_DATAID_TO_POSITION","0","N/A","False","False","True","False","0",,,,,"0","0"
"ab2b7759-59d9-4189-8c4b-9009e8a80a7d","Model","Client","Client","Gender","H$Client (13)$Gender (65)","POS_TO_ID","HIERARCHY_POSITION_TO_DATAID","0","N/A","False","False","True","False","0",,,,,"0","0"
"ab2b7759-59d9-4189-8c4b-9009e8a80a7d","Model","Client","Client","Gender","H$Client (13)$Gender (65)","ID_TO_POS","HIERARCHY_DATAID_TO_POSITION","0","N/A","False","False","True","False","0",,,,,"0","0"
"ab2b7759-59d9-4189-8c4b-9009e8a80a7d","Model","Client","Client","Age Band Sort","H$Client (13)$Age Band Sort (68)","POS_TO_ID","HIERARCHY_POSITION_TO_DATAID","0","N/A","False","False","True","False","0",,,,,"0","0"
"ab2b7759-59d9-4189-8c4b-9009e8a80a7d","Model","Client","Client","Age Band Sort","H$Client (13)$Age Band Sort (68)","ID_TO_POS","HIERARCHY_DATAID_TO_POSITION","0","N/A","False","False","True","False","0",,,,,"0","0"
"ab2b7759-59d9-4189-8c4b-9009e8a80a7d","Model","Client","Client","Retirement Age","H$Client (13)$Retirement Age (70)","POS_TO_ID","HIERARCHY_POSITION_TO_DATAID","0","N/A","False","False","True","False","0",,,,,"0","0"
"ab2b7759-59d9-4189-8c4b-9009e8a80a7d","Model","Client","Client","Yearly Income","H$Client (13)$Yearly Income (71)","POS_TO_ID","HIERARCHY_POSITION_TO_DATAID","0","N/A","False","False","True","False","0",,,,,"0","0"
"ab2b7759-59d9-4189-8c4b-9009e8a80a7d","Model","Client","Client","Birth Year","H$Client (13)$Birth Year (69)","POS_TO_ID","HIERARCHY_POSITION_TO_DATAID","0","N/A","False","False","True","False","0",,,,,"0","0"
"ab2b7759-59d9-4189-8c4b-9009e8a80a7d","Model","Client","Client","Credit Score Band Sort","H$Client (13)$Credit Score Band Sort (79)","POS_TO_ID","HIERARCHY_POSITION_TO_DATAID","0","N/A","False","False","True","False","0",,,,,"0","0"
"ab2b7759-59d9-4189-8c4b-9009e8a80a7d","Model","Client","Client","Credit Score Band Sort","H$Client (13)$Credit Score Band Sort (79)","ID_TO_POS","HIERARCHY_DATAID_TO_POSITION","0","N/A","False","False","True","False","0",,,,,"0","0"
"ab2b7759-59d9-4189-8c4b-9009e8a80a7d","Model","Client","Client","Credit Score","H$Client (13)$Credit Score (77)","POS_TO_ID","HIERARCHY_POSITION_TO_DATAID","0","N/A","False","False","True","False","0",,,,,"0","0"
"ab2b7759-59d9-4189-8c4b-9009e8a80a7d","Model","Client","Client","Total Debt","H$Client (13)$Total Debt (75)","POS_TO_ID","HIERARCHY_POSITION_TO_DATAID","0","N/A","False","False","True","False","0",,,,,"0","0"
"ab2b7759-59d9-4189-8c4b-9009e8a80a7d","Model","Client","Client","Cards Held","H$Client (13)$Cards Held (80)","POS_TO_ID","HIERARCHY_POSITION_TO_DATAID","0","N/A","False","False","True","False","0",,,,,"0","0"
"ab2b7759-59d9-4189-8c4b-9009e8a80a7d","Model","Client","Client","Debt to Income","H$Client (13)$Debt to Income (76)","POS_TO_ID","HIERARCHY_POSITION_TO_DATAID","0","N/A","False","False","True","False","0",,,,,"0","0"
"ab2b7759-59d9-4189-8c4b-9009e8a80a7d","Model","Client","Client","Per Capita Income","H$Client (13)$Per Capita Income (74)","POS_TO_ID","HIERARCHY_POSITION_TO_DATAID","0","N/A","False","False","True","False","0",,,,,"0","0"
"ab2b7759-59d9-4189-8c4b-9009e8a80a7d","Model","Client","Client","Age","H$Client (13)$Age (66)","POS_TO_ID","HIERARCHY_POSITION_TO_DATAID","0","N/A","False","False","True","False","0",,,,,"0","0"
"ab2b7759-59d9-4189-8c4b-9009e8a80a7d","Model","Client","Client","Income Band Sort","H$Client (13)$Income Band Sort (73)","POS_TO_ID","HIERARCHY_POSITION_TO_DATAID","0","N/A","False","False","True","False","0",,,,,"0","0"
"ab2b7759-59d9-4189-8c4b-9009e8a80a7d","Model","Client","Client","Income Band Sort","H$Client (13)$Income Band Sort (73)","ID_TO_POS","HIERARCHY_DATAID_TO_POSITION","0","N/A","False","False","True","False","0",,,,,"0","0"
"ab2b7759-59d9-4189-8c4b-9009e8a80a7d","Model","Client","Client","Client","H$Client (13)$Client (64)","POS_TO_ID","HIERARCHY_POSITION_TO_DATAID","0","N/A","False","False","True","False","0",,,,,"0","0"
"ab2b7759-59d9-4189-8c4b-9009e8a80a7d","Model","Client","Client","Client","H$Client (13)$Client (64)","ID_TO_POS","HIERARCHY_DATAID_TO_POSITION","0","N/A","False","False","True","False","0",,,,,"0","0"
"ab2b7759-59d9-4189-8c4b-9009e8a80a7d","Model","Client","Client","Age Band","H$Client (13)$Age Band (67)","POS_TO_ID","HIERARCHY_POSITION_TO_DATAID","0","N/A","False","False","True","False","0",,,,,"0","0"
"ab2b7759-59d9-4189-8c4b-9009e8a80a7d","Model","Client","Client","Age Band","H$Client (13)$Age Band (67)","ID_TO_POS","HIERARCHY_DATAID_TO_POSITION","0","N/A","False","False","True","False","0",,,,,"0","0"
"ab2b7759-59d9-4189-8c4b-9009e8a80a7d","Model","Client","Client","Credit Score Band","H$Client (13)$Credit Score Band (78)","POS_TO_ID","HIERARCHY_POSITION_TO_DATAID","0","N/A","False","False","True","False","0",,,,,"0","0"
"ab2b7759-59d9-4189-8c4b-9009e8a80a7d","Model","Client","Client","Credit Score Band","H$Client (13)$Credit Score Band (78)","ID_TO_POS","HIERARCHY_DATAID_TO_POSITION","0","N/A","False","False","True","False","0",,,,,"0","0"
"ab2b7759-59d9-4189-8c4b-9009e8a80a7d","Model","Client","Client","Income Band","H$Client (13)$Income Band (72)","POS_TO_ID","HIERARCHY_POSITION_TO_DATAID","0","N/A","False","False","True","False","0",,,,,"0","0"
"ab2b7759-59d9-4189-8c4b-9009e8a80a7d","Model","Client","Client","Income Band","H$Client (13)$Income Band (72)","ID_TO_POS","HIERARCHY_DATAID_TO_POSITION","0","N/A","False","False","True","False","0",,,,,"0","0"
"ab2b7759-59d9-4189-8c4b-9009e8a80a7d","Model","Date","Date","Year","H$Date (10)$Year (49)","POS_TO_ID","HIERARCHY_POSITION_TO_DATAID","0","N/A","False","False","True","False","0",,,,,"0","0"
"ab2b7759-59d9-4189-8c4b-9009e8a80a7d","Model","Date","Date","Year","H$Date (10)$Year (49)","ID_TO_POS","HIERARCHY_DATAID_TO_POSITION","0","N/A","False","False","True","False","0",,,,,"0","0"
"ab2b7759-59d9-4189-8c4b-9009e8a80a7d","Model","Date","Date","Quarter","H$Date (10)$Quarter (50)","POS_TO_ID","HIERARCHY_POSITION_TO_DATAID","0","N/A","False","False","True","False","0",,,,,"0","0"
"ab2b7759-59d9-4189-8c4b-9009e8a80a7d","Model","Date","Date","Quarter","H$Date (10)$Quarter (50)","ID_TO_POS","HIERARCHY_DATAID_TO_POSITION","0","N/A","False","False","True","False","0",,,,,"0","0"
"ab2b7759-59d9-4189-8c4b-9009e8a80a7d","Model","Date","Date","Quarter Year Sort","H$Date (10)$Quarter Year Sort (52)","POS_TO_ID","HIERARCHY_POSITION_TO_DATAID","0","N/A","False","False","True","False","0",,,,,"0","0"
"ab2b7759-59d9-4189-8c4b-9009e8a80a7d","Model","Date","Date","Quarter Year Sort","H$Date (10)$Quarter Year Sort (52)","ID_TO_POS","HIERARCHY_DATAID_TO_POSITION","0","N/A","False","False","True","False","0",,,,,"0","0"
"ab2b7759-59d9-4189-8c4b-9009e8a80a7d","Model","Date","Date","Date","H$Date (10)$Date (48)","POS_TO_ID","HIERARCHY_POSITION_TO_DATAID","0","N/A","False","False","True","False","0",,,,,"0","0"
"ab2b7759-59d9-4189-8c4b-9009e8a80a7d","Model","Date","Date","Date","H$Date (10)$Date (48)","ID_TO_POS","HIERARCHY_DATAID_TO_POSITION","0","N/A","False","False","True","False","0",,,,,"0","0"
"ab2b7759-59d9-4189-8c4b-9009e8a80a7d","Model","Date","Date","Is Complete Year","H$Date (10)$Is Complete Year (63)","POS_TO_ID","HIERARCHY_POSITION_TO_DATAID","0","N/A","False","False","True","False","0",,,,,"0","0"
"ab2b7759-59d9-4189-8c4b-9009e8a80a7d","Model","Date","Date","Is Complete Year","H$Date (10)$Is Complete Year (63)","ID_TO_POS","HIERARCHY_DATAID_TO_POSITION","0","N/A","False","False","True","False","0",,,,,"0","0"
"ab2b7759-59d9-4189-8c4b-9009e8a80a7d","Model","Date","Date","Is Weekend","H$Date (10)$Is Weekend (61)","POS_TO_ID","HIERARCHY_POSITION_TO_DATAID","0","N/A","False","False","True","False","0",,,,,"0","0"
"ab2b7759-59d9-4189-8c4b-9009e8a80a7d","Model","Date","Date","Is Weekend","H$Date (10)$Is Weekend (61)","ID_TO_POS","HIERARCHY_DATAID_TO_POSITION","0","N/A","False","False","True","False","0",,,,,"0","0"
"ab2b7759-59d9-4189-8c4b-9009e8a80a7d","Model","Date","Date","Month Start","H$Date (10)$Month Start (58)","POS_TO_ID","HIERARCHY_POSITION_TO_DATAID","0","N/A","False","False","True","False","0",,,,,"0","0"
"ab2b7759-59d9-4189-8c4b-9009e8a80a7d","Model","Date","Date","Month Start","H$Date (10)$Month Start (58)","ID_TO_POS","HIERARCHY_DATAID_TO_POSITION","0","N/A","False","False","True","False","0",,,,,"0","0"
"ab2b7759-59d9-4189-8c4b-9009e8a80a7d","Model","Date","Date","Month Year Sort","H$Date (10)$Month Year Sort (57)","POS_TO_ID","HIERARCHY_POSITION_TO_DATAID","0","N/A","False","False","True","False","0",,,,,"0","0"
"ab2b7759-59d9-4189-8c4b-9009e8a80a7d","Model","Date","Date","Month Year Sort","H$Date (10)$Month Year Sort (57)","ID_TO_POS","HIERARCHY_DATAID_TO_POSITION","0","N/A","False","False","True","False","0",,,,,"0","0"
"ab2b7759-59d9-4189-8c4b-9009e8a80a7d","Model","Date","Date","Month No","H$Date (10)$Month No (53)","POS_TO_ID","HIERARCHY_POSITION_TO_DATAID","0","N/A","False","False","True","False","0",,,,,"0","0"
"ab2b7759-59d9-4189-8c4b-9009e8a80a7d","Model","Date","Date","Month No","H$Date (10)$Month No (53)","ID_TO_POS","HIERARCHY_DATAID_TO_POSITION","0","N/A","False","False","True","False","0",,,,,"0","0"
"ab2b7759-59d9-4189-8c4b-9009e8a80a7d","Model","Date","Date","Day of Week","H$Date (10)$Day of Week (59)","POS_TO_ID","HIERARCHY_POSITION_TO_DATAID","0","N/A","False","False","True","False","0",,,,,"0","0"
"ab2b7759-59d9-4189-8c4b-9009e8a80a7d","Model","Date","Date","Day of Week","H$Date (10)$Day of Week (59)","ID_TO_POS","HIERARCHY_DATAID_TO_POSITION","0","N/A","False","False","True","False","0",,,,,"0","0"
"ab2b7759-59d9-4189-8c4b-9009e8a80a7d","Model","Date","Date","In Like For Like Period","H$Date (10)$In Like For Like Period (62)","POS_TO_ID","HIERARCHY_POSITION_TO_DATAID","0","N/A","False","False","True","False","0",,,,,"0","0"
"ab2b7759-59d9-4189-8c4b-9009e8a80a7d","Model","Date","Date","In Like For Like Period","H$Date (10)$In Like For Like Period (62)","ID_TO_POS","HIERARCHY_DATAID_TO_POSITION","0","N/A","False","False","True","False","0",,,,,"0","0"
"ab2b7759-59d9-4189-8c4b-9009e8a80a7d","Model","Date","Date","Quarter Year","H$Date (10)$Quarter Year (51)","POS_TO_ID","HIERARCHY_POSITION_TO_DATAID","0","N/A","False","False","True","False","0",,,,,"0","0"
"ab2b7759-59d9-4189-8c4b-9009e8a80a7d","Model","Date","Date","Quarter Year","H$Date (10)$Quarter Year (51)","ID_TO_POS","HIERARCHY_DATAID_TO_POSITION","0","N/A","False","False","True","False","0",,,,,"0","0"
"ab2b7759-59d9-4189-8c4b-9009e8a80a7d","Model","Date","Date","Day","H$Date (10)$Day (60)","POS_TO_ID","HIERARCHY_POSITION_TO_DATAID","0","N/A","False","False","True","False","0",,,,,"0","0"
"ab2b7759-59d9-4189-8c4b-9009e8a80a7d","Model","Date","Date","Day","H$Date (10)$Day (60)","ID_TO_POS","HIERARCHY_DATAID_TO_POSITION","0","N/A","False","False","True","False","0",,,,,"0","0"
"ab2b7759-59d9-4189-8c4b-9009e8a80a7d","Model","Date","Date","Month Short","H$Date (10)$Month Short (55)","POS_TO_ID","HIERARCHY_POSITION_TO_DATAID","0","N/A","False","False","True","False","0",,,,,"0","0"
"ab2b7759-59d9-4189-8c4b-9009e8a80a7d","Model","Date","Date","Month Short","H$Date (10)$Month Short (55)","ID_TO_POS","HIERARCHY_DATAID_TO_POSITION","0","N/A","False","False","True","False","0",,,,,"0","0"
"ab2b7759-59d9-4189-8c4b-9009e8a80a7d","Model","Date","Date","Month Year","H$Date (10)$Month Year (56)","POS_TO_ID","HIERARCHY_POSITION_TO_DATAID","0","N/A","False","False","True","False","0",,,,,"0","0"
"ab2b7759-59d9-4189-8c4b-9009e8a80a7d","Model","Date","Date","Month Year","H$Date (10)$Month Year (56)","ID_TO_POS","HIERARCHY_DATAID_TO_POSITION","0","N/A","False","False","True","False","0",,,,,"0","0"
"ab2b7759-59d9-4189-8c4b-9009e8a80a7d","Model","Date","Date","Month","H$Date (10)$Month (54)","POS_TO_ID","HIERARCHY_POSITION_TO_DATAID","0","N/A","False","False","True","False","0",,,,,"0","0"
"ab2b7759-59d9-4189-8c4b-9009e8a80a7d","Model","Date","Date","Month","H$Date (10)$Month (54)","ID_TO_POS","HIERARCHY_DATAID_TO_POSITION","0","N/A","False","False","True","False","0",,,,,"0","0"
"ab2b7759-59d9-4189-8c4b-9009e8a80a7d","Model","Geography","Geography","Geo Key","H$Geography (28)$Geo Key (105)","POS_TO_ID","HIERARCHY_POSITION_TO_DATAID","0","N/A","False","False","True","False","0",,,,,"0","0"
"ab2b7759-59d9-4189-8c4b-9009e8a80a7d","Model","Geography","Geography","Geo Key","H$Geography (28)$Geo Key (105)","ID_TO_POS","HIERARCHY_DATAID_TO_POSITION","0","N/A","False","False","True","False","0",,,,,"0","0"
"ab2b7759-59d9-4189-8c4b-9009e8a80a7d","Model","Geography","Geography","Location Type","H$Geography (28)$Location Type (107)","POS_TO_ID","HIERARCHY_POSITION_TO_DATAID","0","N/A","False","False","True","False","0",,,,,"0","0"
"ab2b7759-59d9-4189-8c4b-9009e8a80a7d","Model","Geography","Geography","Location Type","H$Geography (28)$Location Type (107)","ID_TO_POS","HIERARCHY_DATAID_TO_POSITION","0","N/A","False","False","True","False","0",,,,,"0","0"
"ab2b7759-59d9-4189-8c4b-9009e8a80a7d","Model","Geography","Geography","Country","H$Geography (28)$Country (109)","POS_TO_ID","HIERARCHY_POSITION_TO_DATAID","0","N/A","False","False","True","False","0",,,,,"0","0"
"ab2b7759-59d9-4189-8c4b-9009e8a80a7d","Model","Geography","Geography","Country","H$Geography (28)$Country (109)","ID_TO_POS","HIERARCHY_DATAID_TO_POSITION","0","N/A","False","False","True","False","0",,,,,"0","0"
"ab2b7759-59d9-4189-8c4b-9009e8a80a7d","Model","Geography","Geography","State Code","H$Geography (28)$State Code (108)","POS_TO_ID","HIERARCHY_POSITION_TO_DATAID","0","N/A","False","False","True","False","0",,,,,"0","0"
"ab2b7759-59d9-4189-8c4b-9009e8a80a7d","Model","Geography","Geography","State Code","H$Geography (28)$State Code (108)","ID_TO_POS","HIERARCHY_DATAID_TO_POSITION","0","N/A","False","False","True","False","0",,,,,"0","0"
"ab2b7759-59d9-4189-8c4b-9009e8a80a7d","Model","Geography","Geography","Location","H$Geography (28)$Location (106)","POS_TO_ID","HIERARCHY_POSITION_TO_DATAID","0","N/A","False","False","True","False","0",,,,,"0","0"
"ab2b7759-59d9-4189-8c4b-9009e8a80a7d","Model","Geography","Geography","Location","H$Geography (28)$Location (106)","ID_TO_POS","HIERARCHY_DATAID_TO_POSITION","0","N/A","False","False","True","False","0",,,,,"0","0"
"ab2b7759-59d9-4189-8c4b-9009e8a80a7d","Model","Card","Card","Card Type","H$Card (16)$Card Type (84)","POS_TO_ID","HIERARCHY_POSITION_TO_DATAID","0","N/A","False","False","True","False","0",,,,,"0","0"
"ab2b7759-59d9-4189-8c4b-9009e8a80a7d","Model","Card","Card","Card Type","H$Card (16)$Card Type (84)","ID_TO_POS","HIERARCHY_DATAID_TO_POSITION","0","N/A","False","False","True","False","0",,,,,"0","0"
"ab2b7759-59d9-4189-8c4b-9009e8a80a7d","Model","Card","Card","Card","H$Card (16)$Card (81)","POS_TO_ID","HIERARCHY_POSITION_TO_DATAID","0","N/A","False","False","True","False","0",,,,,"0","0"
"ab2b7759-59d9-4189-8c4b-9009e8a80a7d","Model","Card","Card","Card","H$Card (16)$Card (81)","ID_TO_POS","HIERARCHY_DATAID_TO_POSITION","0","N/A","False","False","True","False","0",,,,,"0","0"
"ab2b7759-59d9-4189-8c4b-9009e8a80a7d","Model","Card","Card","Card Brand","H$Card (16)$Card Brand (83)","POS_TO_ID","HIERARCHY_POSITION_TO_DATAID","0","N/A","False","False","True","False","0",,,,,"0","0"
"ab2b7759-59d9-4189-8c4b-9009e8a80a7d","Model","Card","Card","Card Brand","H$Card (16)$Card Brand (83)","ID_TO_POS","HIERARCHY_DATAID_TO_POSITION","0","N/A","False","False","True","False","0",,,,,"0","0"
"ab2b7759-59d9-4189-8c4b-9009e8a80a7d","Model","Card","Card","Account Opened Year","H$Card (16)$Account Opened Year (90)","POS_TO_ID","HIERARCHY_POSITION_TO_DATAID","0","N/A","False","False","True","False","0",,,,,"0","0"
"ab2b7759-59d9-4189-8c4b-9009e8a80a7d","Model","Card","Card","Account Opened Year","H$Card (16)$Account Opened Year (90)","ID_TO_POS","HIERARCHY_DATAID_TO_POSITION","0","N/A","False","False","True","False","0",,,,,"0","0"
"ab2b7759-59d9-4189-8c4b-9009e8a80a7d","Model","Card","Card","Credit Limit Band Sort","H$Card (16)$Credit Limit Band Sort (88)","POS_TO_ID","HIERARCHY_POSITION_TO_DATAID","0","N/A","False","False","True","False","0",,,,,"0","0"
"ab2b7759-59d9-4189-8c4b-9009e8a80a7d","Model","Card","Card","Credit Limit Band Sort","H$Card (16)$Credit Limit Band Sort (88)","ID_TO_POS","HIERARCHY_DATAID_TO_POSITION","0","N/A","False","False","True","False","0",,,,,"0","0"
"ab2b7759-59d9-4189-8c4b-9009e8a80a7d","Model","Card","Card","Cards Issued","H$Card (16)$Cards Issued (91)","POS_TO_ID","HIERARCHY_POSITION_TO_DATAID","0","N/A","False","False","True","False","0",,,,,"0","0"
"ab2b7759-59d9-4189-8c4b-9009e8a80a7d","Model","Card","Card","Cards Issued","H$Card (16)$Cards Issued (91)","ID_TO_POS","HIERARCHY_DATAID_TO_POSITION","0","N/A","False","False","True","False","0",,,,,"0","0"
"ab2b7759-59d9-4189-8c4b-9009e8a80a7d","Model","Card","Card","PIN Last Changed","H$Card (16)$PIN Last Changed (92)","POS_TO_ID","HIERARCHY_POSITION_TO_DATAID","0","N/A","False","False","True","False","0",,,,,"0","0"
"ab2b7759-59d9-4189-8c4b-9009e8a80a7d","Model","Card","Card","PIN Last Changed","H$Card (16)$PIN Last Changed (92)","ID_TO_POS","HIERARCHY_DATAID_TO_POSITION","0","N/A","False","False","True","False","0",,,,,"0","0"
"ab2b7759-59d9-4189-8c4b-9009e8a80a7d","Model","Card","Card","Account Opened","H$Card (16)$Account Opened (89)","POS_TO_ID","HIERARCHY_POSITION_TO_DATAID","0","N/A","False","False","True","False","0",,,,,"0","0"
"ab2b7759-59d9-4189-8c4b-9009e8a80a7d","Model","Card","Card","Credit Limit","H$Card (16)$Credit Limit (86)","POS_TO_ID","HIERARCHY_POSITION_TO_DATAID","0","N/A","False","False","True","False","0",,,,,"0","0"
"ab2b7759-59d9-4189-8c4b-9009e8a80a7d","Model","Card","Card","Client Key","H$Card (16)$Client Key (82)","POS_TO_ID","HIERARCHY_POSITION_TO_DATAID","0","N/A","False","False","True","False","0",,,,,"0","0"
"ab2b7759-59d9-4189-8c4b-9009e8a80a7d","Model","Card","Card","Chip","H$Card (16)$Chip (85)","POS_TO_ID","HIERARCHY_POSITION_TO_DATAID","0","N/A","False","False","True","False","0",,,,,"0","0"
"ab2b7759-59d9-4189-8c4b-9009e8a80a7d","Model","Card","Card","Chip","H$Card (16)$Chip (85)","ID_TO_POS","HIERARCHY_DATAID_TO_POSITION","0","N/A","False","False","True","False","0",,,,,"0","0"
"ab2b7759-59d9-4189-8c4b-9009e8a80a7d","Model","Card","Card","Credit Limit Band","H$Card (16)$Credit Limit Band (87)","POS_TO_ID","HIERARCHY_POSITION_TO_DATAID","0","N/A","False","False","True","False","0",,,,,"0","0"
"ab2b7759-59d9-4189-8c4b-9009e8a80a7d","Model","Card","Card","Credit Limit Band","H$Card (16)$Credit Limit Band (87)","ID_TO_POS","HIERARCHY_DATAID_TO_POSITION","0","N/A","False","False","True","False","0",,,,,"0","0"
"ab2b7759-59d9-4189-8c4b-9009e8a80a7d","Model","Merchant Category","Merchant Category","Merchant Category","H$Merchant Category (19)$Merchant Category (94)","POS_TO_ID","HIERARCHY_POSITION_TO_DATAID","0","N/A","False","False","True","False","0",,,,,"0","0"
"ab2b7759-59d9-4189-8c4b-9009e8a80a7d","Model","Merchant Category","Merchant Category","Merchant Category","H$Merchant Category (19)$Merchant Category (94)","ID_TO_POS","HIERARCHY_DATAID_TO_POSITION","0","N/A","False","False","True","False","0",,,,,"0","0"
"ab2b7759-59d9-4189-8c4b-9009e8a80a7d","Model","Merchant Category","Merchant Category","Category Group","H$Merchant Category (19)$Category Group (95)","POS_TO_ID","HIERARCHY_POSITION_TO_DATAID","0","N/A","False","False","True","False","0",,,,,"0","0"
"ab2b7759-59d9-4189-8c4b-9009e8a80a7d","Model","Merchant Category","Merchant Category","Category Group","H$Merchant Category (19)$Category Group (95)","ID_TO_POS","HIERARCHY_DATAID_TO_POSITION","0","N/A","False","False","True","False","0",,,,,"0","0"
"ab2b7759-59d9-4189-8c4b-9009e8a80a7d","Model","Merchant Category","Merchant Category","MCC","H$Merchant Category (19)$MCC (93)","POS_TO_ID","HIERARCHY_POSITION_TO_DATAID","0","N/A","False","False","True","False","0",,,,,"0","0"
"ab2b7759-59d9-4189-8c4b-9009e8a80a7d","Model","Merchant Category","Merchant Category","MCC","H$Merchant Category (19)$MCC (93)","ID_TO_POS","HIERARCHY_DATAID_TO_POSITION","0","N/A","False","False","True","False","0",,,,,"0","0"
"ab2b7759-59d9-4189-8c4b-9009e8a80a7d","Model","Transactions","Transactions","Client Key","H$Transactions (34)$Client Key (117)","POS_TO_ID","HIERARCHY_POSITION_TO_DATAID","0","N/A","False","False","True","False","0",,,,,"0","0"
"ab2b7759-59d9-4189-8c4b-9009e8a80a7d","Model","Transactions","Transactions","Client Key","H$Transactions (34)$Client Key (117)","ID_TO_POS","HIERARCHY_DATAID_TO_POSITION","0","N/A","False","False","True","False","0",,,,,"0","0"
"ab2b7759-59d9-4189-8c4b-9009e8a80a7d","Model","Transactions","Transactions","Channel Key","H$Transactions (34)$Channel Key (120)","POS_TO_ID","HIERARCHY_POSITION_TO_DATAID","0","N/A","False","False","True","False","0",,,,,"0","0"
"ab2b7759-59d9-4189-8c4b-9009e8a80a7d","Model","Transactions","Transactions","Channel Key","H$Transactions (34)$Channel Key (120)","ID_TO_POS","HIERARCHY_DATAID_TO_POSITION","0","N/A","False","False","True","False","0",,,,,"0","0"
"ab2b7759-59d9-4189-8c4b-9009e8a80a7d","Model","Transactions","Transactions","MCC","H$Transactions (34)$MCC (119)","POS_TO_ID","HIERARCHY_POSITION_TO_DATAID","0","N/A","False","False","True","False","0",,,,,"0","0"
"ab2b7759-59d9-4189-8c4b-9009e8a80a7d","Model","Transactions","Transactions","MCC","H$Transactions (34)$MCC (119)","ID_TO_POS","HIERARCHY_DATAID_TO_POSITION","0","N/A","False","False","True","False","0",,,,,"0","0"
"ab2b7759-59d9-4189-8c4b-9009e8a80a7d","Model","Transactions","Transactions","Geo Key","H$Transactions (34)$Geo Key (122)","POS_TO_ID","HIERARCHY_POSITION_TO_DATAID","0","N/A","False","False","True","False","0",,,,,"0","0"
"ab2b7759-59d9-4189-8c4b-9009e8a80a7d","Model","Transactions","Transactions","Geo Key","H$Transactions (34)$Geo Key (122)","ID_TO_POS","HIERARCHY_DATAID_TO_POSITION","0","N/A","False","False","True","False","0",,,,,"0","0"
"ab2b7759-59d9-4189-8c4b-9009e8a80a7d","Model","Transactions","Transactions","Outcome Key","H$Transactions (34)$Outcome Key (121)","POS_TO_ID","HIERARCHY_POSITION_TO_DATAID","0","N/A","False","False","True","False","0",,,,,"0","0"
"ab2b7759-59d9-4189-8c4b-9009e8a80a7d","Model","Transactions","Transactions","Outcome Key","H$Transactions (34)$Outcome Key (121)","ID_TO_POS","HIERARCHY_DATAID_TO_POSITION","0","N/A","False","False","True","False","0",,,,,"0","0"
"ab2b7759-59d9-4189-8c4b-9009e8a80a7d","Model","Transactions","Transactions","Date","H$Transactions (34)$Date (115)","POS_TO_ID","HIERARCHY_POSITION_TO_DATAID","0","N/A","False","False","True","False","0",,,,,"0","0"
"ab2b7759-59d9-4189-8c4b-9009e8a80a7d","Model","Transactions","Transactions","Date","H$Transactions (34)$Date (115)","ID_TO_POS","HIERARCHY_DATAID_TO_POSITION","0","N/A","False","False","True","False","0",,,,,"0","0"
"ab2b7759-59d9-4189-8c4b-9009e8a80a7d","Model","Transactions","Transactions","Amount","H$Transactions (34)$Amount (124)","POS_TO_ID","HIERARCHY_POSITION_TO_DATAID","0","N/A","False","False","True","False","0",,,,,"0","0"
"ab2b7759-59d9-4189-8c4b-9009e8a80a7d","Model","Transactions","Transactions","Fraud Key","H$Transactions (34)$Fraud Key (123)","POS_TO_ID","HIERARCHY_POSITION_TO_DATAID","0","N/A","False","False","True","False","0",,,,,"0","0"
"ab2b7759-59d9-4189-8c4b-9009e8a80a7d","Model","Transactions","Transactions","Fraud Key","H$Transactions (34)$Fraud Key (123)","ID_TO_POS","HIERARCHY_DATAID_TO_POSITION","0","N/A","False","False","True","False","0",,,,,"0","0"
"ab2b7759-59d9-4189-8c4b-9009e8a80a7d","Model","Transactions","Transactions","Hour","H$Transactions (34)$Hour (116)","POS_TO_ID","HIERARCHY_POSITION_TO_DATAID","0","N/A","False","False","True","False","0",,,,,"0","0"
"ab2b7759-59d9-4189-8c4b-9009e8a80a7d","Model","Transactions","Transactions","Hour","H$Transactions (34)$Hour (116)","ID_TO_POS","HIERARCHY_DATAID_TO_POSITION","0","N/A","False","False","True","False","0",,,,,"0","0"
"ab2b7759-59d9-4189-8c4b-9009e8a80a7d","Model","Transactions","Transactions","Card Key","H$Transactions (34)$Card Key (118)","POS_TO_ID","HIERARCHY_POSITION_TO_DATAID","0","N/A","False","False","True","False","0",,,,,"0","0"
"ab2b7759-59d9-4189-8c4b-9009e8a80a7d","Model","Transactions","Transactions","Card Key","H$Transactions (34)$Card Key (118)","ID_TO_POS","HIERARCHY_DATAID_TO_POSITION","0","N/A","False","False","True","False","0",,,,,"0","0"
