"DATABASE_NAME","CUBE_NAME","MEASURE_GROUP_NAME","PARTITION_NAME","DIMENSION_NAME","TABLE_ID","COLUMN_ID","SEGMENT_NUMBER","TABLE_PARTITION_NUMBER","RECORDS_COUNT","ALLOCATED_SIZE","USED_SIZE","COMPRESSION_TYPE","BITS_COUNT","BOOKMARK_BITS_COUNT","VERTIPAQ_STATE","ISPAGEABLE","ISRESIDENT","TEMPERATURE","LAST_ACCESSED"
"ab2b7759-59d9-4189-8c4b-9009e8a80a7d","Model","Date","Date","Date","Date (10)","RowNumber 2662979B 1795 4F74 8F37 6A1BA8059B61 (11)","0","0","3591","128","128","C123","0","0","SKIPPED",,,,
"ab2b7759-59d9-4189-8c4b-9009e8a80a7d","Model","Date","Date","Date","Date (10)","Date (48)","0","0","3591","5880","5880","NOSPLIT","12","0","SKIPPED",,,,
"ab2b7759-59d9-4189-8c4b-9009e8a80a7d","Model","Date","Date","Date","Date (10)","Year (49)","0","0","3591","1776","1776","NOSPLIT","4","1","COMPLETED",,,,
"ab2b7759-59d9-4189-8c4b-9009e8a80a7d","Model","Date","Date","Date","Date (10)","Quarter (50)","0","0","3591","280","280","NOSPLIT","2","14","COMPLETED",,,,
"ab2b7759-59d9-4189-8c4b-9009e8a80a7d","Model","Date","Date","Date","Date (10)","Quarter Year (51)","0","0","3591","2784","2784","NOSPLIT","6","3","COMPLETED",,,,
"ab2b7759-59d9-4189-8c4b-9009e8a80a7d","Model","Date","Date","Date","Date (10)","Quarter Year Sort (52)","0","0","3591","2784","2784","NOSPLIT","6","3","COMPLETED",,,,
"ab2b7759-59d9-4189-8c4b-9009e8a80a7d","Model","Date","Date","Date","Date (10)","Month No (53)","0","0","3591","800","800","NOSPLIT","4","12","COMPLETED",,,,
"ab2b7759-59d9-4189-8c4b-9009e8a80a7d","Model","Date","Date","Date","Date (10)","Month (54)","0","0","3591","800","800","NOSPLIT","4","12","COMPLETED",,,,
"ab2b7759-59d9-4189-8c4b-9009e8a80a7d","Model","Date","Date","Date","Date (10)","Month Short (55)","0","0","3591","800","800","NOSPLIT","4","12","COMPLETED",,,,
"ab2b7759-59d9-4189-8c4b-9009e8a80a7d","Model","Date","Date","Date","Date (10)","Month Year (56)","0","0","3591","3328","3328","NOSPLIT","7","0","COMPLETED",,,,
"ab2b7759-59d9-4189-8c4b-9009e8a80a7d","Model","Date","Date","Date","Date (10)","Month Year Sort (57)","0","0","3591","3328","3328","NOSPLIT","7","0","COMPLETED",,,,
"ab2b7759-59d9-4189-8c4b-9009e8a80a7d","Model","Date","Date","Date","Date (10)","Month Start (58)","0","0","3591","3328","3328","NOSPLIT","7","0","COMPLETED",,,,
"ab2b7759-59d9-4189-8c4b-9009e8a80a7d","Model","Date","Date","Date","Date (10)","Day of Week (59)","0","0","3591","1200","1200","NOSPLIT","3","2","COMPLETED",,,,
"ab2b7759-59d9-4189-8c4b-9009e8a80a7d","Model","Date","Date","Date","Date (10)","Day (60)","0","0","3591","1200","1200","NOSPLIT","3","2","COMPLETED",,,,
"ab2b7759-59d9-4189-8c4b-9009e8a80a7d","Model","Date","Date","Date","Date (10)","Is Weekend (61)","0","0","3591","240","240","NOSPLIT","1","2","COMPLETED",,,,
"ab2b7759-59d9-4189-8c4b-9009e8a80a7d","Model","Date","Date","Date","Date (10)","In Like For Like Period (62)","0","0","3591","136","136","NOSPLIT","1","3","COMPLETED",,,,
"ab2b7759-59d9-4189-8c4b-9009e8a80a7d","Model","Date","Date","Date","Date (10)","Is Complete Year (63)","0","0","3591","136","136","NOSPLIT","1","2","COMPLETED",,,,
"ab2b7759-59d9-4189-8c4b-9009e8a80a7d","Model","Client","Client","Client","Client (13)","RowNumber 2662979B 1795 4F74 8F37 6A1BA8059B61 (14)","0","0","160","128","128","C123","0","0","SKIPPED",,,,
"ab2b7759-59d9-4189-8c4b-9009e8a80a7d","Model","Client","Client","Client","Client (13)","Client (64)","0","0","160","296","296","NOSPLIT","8","0","SKIPPED",,,,
"ab2b7759-59d9-4189-8c4b-9009e8a80a7d","Model","Client","Client","Client","Client (13)","Gender (65)","0","0","160","152","152","NOSPLIT","1","0","COMPLETED",,,,
"ab2b7759-59d9-4189-8c4b-9009e8a80a7d","Model","Client","Client","Client","Client (13)","Age (66)","0","0","160","272","272","NOSPLIT","7","0","COMPLETED",,,,
"ab2b7759-59d9-4189-8c4b-9009e8a80a7d","Model","Client","Client","Client","Client (13)","Age Band (67)","0","0","160","192","192","NOSPLIT","3","0","COMPLETED",,,,
"ab2b7759-59d9-4189-8c4b-9009e8a80a7d","Model","Client","Client","Client","Client (13)","Age Band Sort (68)","0","0","160","192","192","NOSPLIT","3","0","COMPLETED",,,,
"ab2b7759-59d9-4189-8c4b-9009e8a80a7d","Model","Client","Client","Client","Client (13)","Birth Year (69)","0","0","160","272","272","NOSPLIT","7","0","COMPLETED",,,,
"ab2b7759-59d9-4189-8c4b-9009e8a80a7d","Model","Client","Client","Client","Client (13)","Retirement Age (70)","0","0","160","240","240","NOSPLIT","5","0","COMPLETED",,,,
"ab2b7759-59d9-4189-8c4b-9009e8a80a7d","Model","Client","Client","Client","Client (13)","Yearly Income (71)","0","0","160","560","560","NOSPLIT","21","0","COMPLETED",,,,
"ab2b7759-59d9-4189-8c4b-9009e8a80a7d","Model","Client","Client","Client","Client (13)","Income Band (72)","0","0","160","160","160","NOSPLIT","3","1","COMPLETED",,,,
"ab2b7759-59d9-4189-8c4b-9009e8a80a7d","Model","Client","Client","Client","Client (13)","Income Band Sort (73)","0","0","160","160","160","NOSPLIT","3","1","COMPLETED",,,,
"ab2b7759-59d9-4189-8c4b-9009e8a80a7d","Model","Client","Client","Client","Client (13)","Per Capita Income (74)","0","0","160","560","560","NOSPLIT","21","0","COMPLETED",,,,
"ab2b7759-59d9-4189-8c4b-9009e8a80a7d","Model","Client","Client","Client","Client (13)","Total Debt (75)","0","0","160","560","560","NOSPLIT","21","0","COMPLETED",,,,
"ab2b7759-59d9-4189-8c4b-9009e8a80a7d","Model","Client","Client","Client","Client (13)","Debt to Income (76)","0","0","160","456","456","NOSPLIT","16","0","COMPLETED",,,,
"ab2b7759-59d9-4189-8c4b-9009e8a80a7d","Model","Client","Client","Client","Client (13)","Credit Score (77)","0","0","160","312","312","NOSPLIT","9","0","COMPLETED",,,,
"ab2b7759-59d9-4189-8c4b-9009e8a80a7d","Model","Client","Client","Client","Client (13)","Credit Score Band (78)","0","0","160","192","192","NOSPLIT","3","0","COMPLETED",,,,
"ab2b7759-59d9-4189-8c4b-9009e8a80a7d","Model","Client","Client","Client","Client (13)","Credit Score Band Sort (79)","0","0","160","192","192","NOSPLIT","3","0","COMPLETED",,,,
"ab2b7759-59d9-4189-8c4b-9009e8a80a7d","Model","Client","Client","Client","Client (13)","Cards Held (80)","0","0","160","192","192","NOSPLIT","3","0","COMPLETED",,,,
"ab2b7759-59d9-4189-8c4b-9009e8a80a7d","Model","Card","Card","Card","Card (16)","RowNumber 2662979B 1795 4F74 8F37 6A1BA8059B61 (17)","0","0","640","128","128","C123","0","0","SKIPPED",,,,
"ab2b7759-59d9-4189-8c4b-9009e8a80a7d","Model","Card","Card","Card","Card (16)","Card (81)","0","0","640","984","984","NOSPLIT","10","0","SKIPPED",,,,
"ab2b7759-59d9-4189-8c4b-9009e8a80a7d","Model","Card","Card","Card","Card (16)","Client Key (82)","0","0","640","1160","1160","NOSPLIT","12","0","COMPLETED",,,,
"ab2b7759-59d9-4189-8c4b-9009e8a80a7d","Model","Card","Card","Card","Card (16)","Card Brand (83)","0","0","640","240","240","NOSPLIT","2","2","COMPLETED",,,,
"ab2b7759-59d9-4189-8c4b-9009e8a80a7d","Model","Card","Card","Card","Card (16)","Card Type (84)","0","0","640","152","152","NOSPLIT","2","5","COMPLETED",,,,
"ab2b7759-59d9-4189-8c4b-9009e8a80a7d","Model","Card","Card","Card","Card (16)","Chip (85)","0","0","640","216","216","NOSPLIT","1","0","COMPLETED",,,,
"ab2b7759-59d9-4189-8c4b-9009e8a80a7d","Model","Card","Card","Card","Card (16)","Credit Limit (86)","0","0","640","1840","1840","NOSPLIT","21","0","COMPLETED",,,,
"ab2b7759-59d9-4189-8c4b-9009e8a80a7d","Model","Card","Card","Card","Card (16)","Credit Limit Band (87)","0","0","640","160","160","NOSPLIT","3","3","COMPLETED",,,,
"ab2b7759-59d9-4189-8c4b-9009e8a80a7d","Model","Card","Card","Card","Card (16)","Credit Limit Band Sort (88)","0","0","640","160","160","NOSPLIT","3","3","COMPLETED",,,,
"ab2b7759-59d9-4189-8c4b-9009e8a80a7d","Model","Card","Card","Card","Card (16)","Account Opened (89)","0","0","640","1416","1416","NOSPLIT","16","0","COMPLETED",,,,
"ab2b7759-59d9-4189-8c4b-9009e8a80a7d","Model","Card","Card","Card","Card (16)","Account Opened Year (90)","0","0","640","560","560","NOSPLIT","5","0","COMPLETED",,,,
"ab2b7759-59d9-4189-8c4b-9009e8a80a7d","Model","Card","Card","Card","Card (16)","Cards Issued (91)","0","0","640","256","256","NOSPLIT","2","2","COMPLETED",,,,
"ab2b7759-59d9-4189-8c4b-9009e8a80a7d","Model","Card","Card","Card","Card (16)","PIN Last Changed (92)","0","0","640","560","560","NOSPLIT","5","0","COMPLETED",,,,
"ab2b7759-59d9-4189-8c4b-9009e8a80a7d","Model","Merchant Category","Merchant Category","Merchant Category","Merchant Category (19)","RowNumber 2662979B 1795 4F74 8F37 6A1BA8059B61 (20)","0","0","109","128","128","C123","0","0","SKIPPED",,,,
"ab2b7759-59d9-4189-8c4b-9009e8a80a7d","Model","Merchant Category","Merchant Category","Merchant Category","Merchant Category (19)","MCC (93)","0","0","109","232","232","NOSPLIT","7","0","SKIPPED",,,,
"ab2b7759-59d9-4189-8c4b-9009e8a80a7d","Model","Merchant Category","Merchant Category","Merchant Category","Merchant Category (19)","Merchant Category (94)","0","0","109","232","232","NOSPLIT","7","0","COMPLETED",,,,
"ab2b7759-59d9-4189-8c4b-9009e8a80a7d","Model","Merchant Category","Merchant Category","Merchant Category","Merchant Category (19)","Category Group (95)","0","0","109","184","184","NOSPLIT","4","0","COMPLETED",,,,
"ab2b7759-59d9-4189-8c4b-9009e8a80a7d","Model","Channel","Channel","Channel","Channel (22)","RowNumber 2662979B 1795 4F74 8F37 6A1BA8059B61 (23)","0","0","3","128","128","C123","0","0","SKIPPED",,,,
"ab2b7759-59d9-4189-8c4b-9009e8a80a7d","Model","Channel","Channel","Channel","Channel (22)","Channel Key (96)","0","0","3","136","136","NOSPLIT","2","0","SKIPPED",,,,
"ab2b7759-59d9-4189-8c4b-9009e8a80a7d","Model","Channel","Channel","Channel","Channel (22)","Channel (97)","0","0","3","136","136","NOSPLIT","2","0","COMPLETED",,,,
"ab2b7759-59d9-4189-8c4b-9009e8a80a7d","Model","Channel","Channel","Channel","Channel (22)","Channel Sort (98)","0","0","3","136","136","NOSPLIT","2","0","COMPLETED",,,,
"ab2b7759-59d9-4189-8c4b-9009e8a80a7d","Model","Channel","Channel","Channel","Channel (22)","Presentment (99)","0","0","3","136","136","NOSPLIT","1","0","COMPLETED",,,,
"ab2b7759-59d9-4189-8c4b-9009e8a80a7d","Model","Outcome","Outcome","Outcome","Outcome (25)","RowNumber 2662979B 1795 4F74 8F37 6A1BA8059B61 (26)","0","0","9","128","128","C123","0","0","SKIPPED",,,,
"ab2b7759-59d9-4189-8c4b-9009e8a80a7d","Model","Outcome","Outcome","Outcome","Outcome (25)","Outcome Key (100)","0","0","9","136","136","NOSPLIT","4","0","SKIPPED",,,,
"ab2b7759-59d9-4189-8c4b-9009e8a80a7d","Model","Outcome","Outcome","Outcome","Outcome (25)","Outcome (101)","0","0","9","136","136","NOSPLIT","4","0","COMPLETED",,,,
"ab2b7759-59d9-4189-8c4b-9009e8a80a7d","Model","Outcome","Outcome","Outcome","Outcome (25)","Outcome Sort (102)","0","0","9","136","136","NOSPLIT","4","0","COMPLETED",,,,
"ab2b7759-59d9-4189-8c4b-9009e8a80a7d","Model","Outcome","Outcome","Outcome","Outcome (25)","Outcome Class (103)","0","0","9","136","136","NOSPLIT","3","0","COMPLETED",,,,
"ab2b7759-59d9-4189-8c4b-9009e8a80a7d","Model","Outcome","Outcome","Outcome","Outcome (25)","Is Approved (104)","0","0","9","136","136","NOSPLIT","1","0","COMPLETED",,,,
"ab2b7759-59d9-4189-8c4b-9009e8a80a7d","Model","Geography","Geography","Geography","Geography (28)","RowNumber 2662979B 1795 4F74 8F37 6A1BA8059B61 (29)","0","0","125","128","128","C123","0","0","SKIPPED",,,,
"ab2b7759-59d9-4189-8c4b-9009e8a80a7d","Model","Geography","Geography","Geography","Geography (28)","Geo Key (105)","0","0","125","240","240","NOSPLIT","7","0","SKIPPED",,,,
"ab2b7759-59d9-4189-8c4b-9009e8a80a7d","Model","Geography","Geography","Geography","Geography (28)","Location (106)","0","0","125","240","240","NOSPLIT","7","0","COMPLETED",,,,
"ab2b7759-59d9-4189-8c4b-9009e8a80a7d","Model","Geography","Geography","Geography","Geography (28)","Location Type (107)","0","0","125","144","144","NOSPLIT","2","1","COMPLETED",,,,
"ab2b7759-59d9-4189-8c4b-9009e8a80a7d","Model","Geography","Geography","Geography","Geography (28)","State Code (108)","0","0","125","176","176","NOSPLIT","6","1","COMPLETED",,,,
"ab2b7759-59d9-4189-8c4b-9009e8a80a7d","Model","Geography","Geography","Geography","Geography (28)","Country (109)","0","0","125","240","240","NOSPLIT","7","0","COMPLETED",,,,
"ab2b7759-59d9-4189-8c4b-9009e8a80a7d","Model","Fraud Status","Fraud Status","Fraud Status","Fraud Status (31)","RowNumber 2662979B 1795 4F74 8F37 6A1BA8059B61 (32)","0","0","3","128","128","C123","0","0","SKIPPED",,,,
"ab2b7759-59d9-4189-8c4b-9009e8a80a7d","Model","Fraud Status","Fraud Status","Fraud Status","Fraud Status (31)","Fraud Key (110)","0","0","3","136","136","NOSPLIT","2","0","SKIPPED",,,,
"ab2b7759-59d9-4189-8c4b-9009e8a80a7d","Model","Fraud Status","Fraud Status","Fraud Status","Fraud Status (31)","Fraud Status (111)","0","0","3","136","136","NOSPLIT","2","0","COMPLETED",,,,
"ab2b7759-59d9-4189-8c4b-9009e8a80a7d","Model","Fraud Status","Fraud Status","Fraud Status","Fraud Status (31)","Fraud Sort (112)","0","0","3","136","136","NOSPLIT","2","0","COMPLETED",,,,
"ab2b7759-59d9-4189-8c4b-9009e8a80a7d","Model","Fraud Status","Fraud Status","Fraud Status","Fraud Status (31)","Is Labelled (113)","0","0","3","136","136","NOSPLIT","1","0","COMPLETED",,,,
"ab2b7759-59d9-4189-8c4b-9009e8a80a7d","Model","Fraud Status","Fraud Status","Fraud Status","Fraud Status (31)","Is Fraud (114)","0","0","3","136","136","NOSPLIT","1","0","COMPLETED",,,,
"ab2b7759-59d9-4189-8c4b-9009e8a80a7d","Model","Transactions","Transactions 2010","Transactions","Transactions (34)","RowNumber 2662979B 1795 4F74 8F37 6A1BA8059B61 (35)","0","0","158110","128","128","C123","0","0","SKIPPED",,,,
"ab2b7759-59d9-4189-8c4b-9009e8a80a7d","Model","Transactions","Transactions 2011","Transactions","Transactions (34)","RowNumber 2662979B 1795 4F74 8F37 6A1BA8059B61 (35)","1","1","165166","128","128","C123","0","0","SKIPPED",,,,
"ab2b7759-59d9-4189-8c4b-9009e8a80a7d","Model","Transactions","Transactions 2012","Transactions","Transactions (34)","RowNumber 2662979B 1795 4F74 8F37 6A1BA8059B61 (35)","2","2","169469","128","128","C123","0","0","SKIPPED",,,,
"ab2b7759-59d9-4189-8c4b-9009e8a80a7d","Model","Transactions","Transactions 2013","Transactions","Transactions (34)","RowNumber 2662979B 1795 4F74 8F37 6A1BA8059B61 (35)","3","3","172080","128","128","C123","0","0","SKIPPED",,,,
"ab2b7759-59d9-4189-8c4b-9009e8a80a7d","Model","Transactions","Transactions 2014","Transactions","Transactions (34)","RowNumber 2662979B 1795 4F74 8F37 6A1BA8059B61 (35)","4","4","171864","128","128","C123","0","0","SKIPPED",,,,
"ab2b7759-59d9-4189-8c4b-9009e8a80a7d","Model","Transactions","Transactions 2015","Transactions","Transactions (34)","RowNumber 2662979B 1795 4F74 8F37 6A1BA8059B61 (35)","5","5","174123","128","128","C123","0","0","SKIPPED",,,,
"ab2b7759-59d9-4189-8c4b-9009e8a80a7d","Model","Transactions","Transactions 2016","Transactions","Transactions (34)","RowNumber 2662979B 1795 4F74 8F37 6A1BA8059B61 (35)","6","6","174646","128","128","C123","0","0","SKIPPED",,,,
"ab2b7759-59d9-4189-8c4b-9009e8a80a7d","Model","Transactions","Transactions 2017","Transactions","Transactions (34)","RowNumber 2662979B 1795 4F74 8F37 6A1BA8059B61 (35)","7","7","175854","128","128","C123","0","0","SKIPPED",,,,
"ab2b7759-59d9-4189-8c4b-9009e8a80a7d","Model","Transactions","Transactions 2018","Transactions","Transactions (34)","RowNumber 2662979B 1795 4F74 8F37 6A1BA8059B61 (35)","8","8","175277","128","128","C123","0","0","SKIPPED",,,,
"ab2b7759-59d9-4189-8c4b-9009e8a80a7d","Model","Transactions","Transactions 2019","Transactions","Transactions (34)","RowNumber 2662979B 1795 4F74 8F37 6A1BA8059B61 (35)","9","9","146051","128","128","C123","0","0","SKIPPED",,,,
"ab2b7759-59d9-4189-8c4b-9009e8a80a7d","Model","Transactions","Transactions 2010","Transactions","Transactions (34)","Date (115)","0","0","158110","180832","180832","NOSPLIT","9","0","COMPLETED",,,,
"ab2b7759-59d9-4189-8c4b-9009e8a80a7d","Model","Transactions","Transactions 2011","Transactions","Transactions (34)","Date (115)","1","1","165166","188896","188896","NOSPLIT","9","0","COMPLETED",,,,
"ab2b7759-59d9-4189-8c4b-9009e8a80a7d","Model","Transactions","Transactions 2012","Transactions","Transactions (34)","Date (115)","2","2","169469","193808","193808","NOSPLIT","9","0","COMPLETED",,,,
"ab2b7759-59d9-4189-8c4b-9009e8a80a7d","Model","Transactions","Transactions 2013","Transactions","Transactions (34)","Date (115)","3","3","172080","196792","196792","NOSPLIT","9","0","COMPLETED",,,,
"ab2b7759-59d9-4189-8c4b-9009e8a80a7d","Model","Transactions","Transactions 2014","Transactions","Transactions (34)","Date (115)","4","4","171864","196552","196552","NOSPLIT","9","0","COMPLETED",,,,
"ab2b7759-59d9-4189-8c4b-9009e8a80a7d","Model","Transactions","Transactions 2015","Transactions","Transactions (34)","Date (115)","5","5","174123","199128","199128","NOSPLIT","9","0","COMPLETED",,,,
"ab2b7759-59d9-4189-8c4b-9009e8a80a7d","Model","Transactions","Transactions 2016","Transactions","Transactions (34)","Date (115)","6","6","174646","199728","199728","NOSPLIT","9","0","COMPLETED",,,,
"ab2b7759-59d9-4189-8c4b-9009e8a80a7d","Model","Transactions","Transactions 2017","Transactions","Transactions (34)","Date (115)","7","7","175854","201112","201112","NOSPLIT","9","0","COMPLETED",,,,
"ab2b7759-59d9-4189-8c4b-9009e8a80a7d","Model","Transactions","Transactions 2018","Transactions","Transactions (34)","Date (115)","8","8","175277","200448","200448","NOSPLIT","9","0","COMPLETED",,,,
"ab2b7759-59d9-4189-8c4b-9009e8a80a7d","Model","Transactions","Transactions 2019","Transactions","Transactions (34)","Date (115)","9","9","146051","167048","167048","NOSPLIT","9","0","COMPLETED",,,,
"ab2b7759-59d9-4189-8c4b-9009e8a80a7d","Model","Transactions","Transactions 2010","Transactions","Transactions (34)","Hour (116)","0","0","158110","89192","89192","NOSPLIT","5","232","COMPLETED",,,,
"ab2b7759-59d9-4189-8c4b-9009e8a80a7d","Model","Transactions","Transactions 2011","Transactions","Transactions (34)","Hour (116)","1","1","165166","84072","84072","NOSPLIT","5","285","COMPLETED",,,,
"ab2b7759-59d9-4189-8c4b-9009e8a80a7d","Model","Transactions","Transactions 2012","Transactions","Transactions (34)","Hour (116)","2","2","169469","94200","94200","NOSPLIT","5","212","COMPLETED",,,,
"ab2b7759-59d9-4189-8c4b-9009e8a80a7d","Model","Transactions","Transactions 2013","Transactions","Transactions (34)","Hour (116)","3","3","172080","87656","87656","NOSPLIT","5","271","COMPLETED",,,,
"ab2b7759-59d9-4189-8c4b-9009e8a80a7d","Model","Transactions","Transactions 2014","Transactions","Transactions (34)","Hour (116)","4","4","171864","94312","94312","NOSPLIT","5","245","COMPLETED",,,,
"ab2b7759-59d9-4189-8c4b-9009e8a80a7d","Model","Transactions","Transactions 2015","Transactions","Transactions (34)","Hour (116)","5","5","174123","89208","89208","NOSPLIT","5","283","COMPLETED",,,,
"ab2b7759-59d9-4189-8c4b-9009e8a80a7d","Model","Transactions","Transactions 2016","Transactions","Transactions (34)","Hour (116)","6","6","174646","89720","89720","NOSPLIT","5","285","COMPLETED",,,,
"ab2b7759-59d9-4189-8c4b-9009e8a80a7d","Model","Transactions","Transactions 2017","Transactions","Transactions (34)","Hour (116)","7","7","175854","91152","91152","NOSPLIT","5","288","COMPLETED",,,,
"ab2b7759-59d9-4189-8c4b-9009e8a80a7d","Model","Transactions","Transactions 2018","Transactions","Transactions (34)","Hour (116)","8","8","175277","93032","93032","NOSPLIT","5","261","COMPLETED",,,,
"ab2b7759-59d9-4189-8c4b-9009e8a80a7d","Model","Transactions","Transactions 2019","Transactions","Transactions (34)","Hour (116)","9","9","146051","80648","80648","NOSPLIT","5","206","COMPLETED",,,,
"ab2b7759-59d9-4189-8c4b-9009e8a80a7d","Model","Transactions","Transactions 2010","Transactions","Transactions (34)","Client Key (117)","0","0","158110","105984","105984","NOSPLIT","8","477","COMPLETED",,,,
"ab2b7759-59d9-4189-8c4b-9009e8a80a7d","Model","Transactions","Transactions 2011","Transactions","Transactions (34)","Client Key (117)","1","1","165166","103800","103800","NOSPLIT","8","474","COMPLETED",,,,
"ab2b7759-59d9-4189-8c4b-9009e8a80a7d","Model","Transactions","Transactions 2012","Transactions","Transactions (34)","Client Key (117)","2","2","169469","115144","115144","NOSPLIT","8","485","COMPLETED",,,,
"ab2b7759-59d9-4189-8c4b-9009e8a80a7d","Model","Transactions","Transactions 2013","Transactions","Transactions (34)","Client Key (117)","3","3","172080","124408","124408","NOSPLIT","8","418","COMPLETED",,,,
"ab2b7759-59d9-4189-8c4b-9009e8a80a7d","Model","Transactions","Transactions 2014","Transactions","Transactions (34)","Client Key (117)","4","4","171864","114712","114712","NOSPLIT","8","516","COMPLETED",,,,
"ab2b7759-59d9-4189-8c4b-9009e8a80a7d","Model","Transactions","Transactions 2015","Transactions","Transactions (34)","Client Key (117)","5","5","174123","129168","129168","NOSPLIT","8","398","COMPLETED",,,,
"ab2b7759-59d9-4189-8c4b-9009e8a80a7d","Model","Transactions","Transactions 2016","Transactions","Transactions (34)","Client Key (117)","6","6","174646","129992","129992","NOSPLIT","8","399","COMPLETED",,,,
"ab2b7759-59d9-4189-8c4b-9009e8a80a7d","Model","Transactions","Transactions 2017","Transactions","Transactions (34)","Client Key (117)","7","7","175854","127904","127904","NOSPLIT","8","423","COMPLETED",,,,
"ab2b7759-59d9-4189-8c4b-9009e8a80a7d","Model","Transactions","Transactions 2018","Transactions","Transactions (34)","Client Key (117)","8","8","175277","130952","130952","NOSPLIT","8","392","COMPLETED",,,,
"ab2b7759-59d9-4189-8c4b-9009e8a80a7d","Model","Transactions","Transactions 2019","Transactions","Transactions (34)","Client Key (117)","9","9","146051","109632","109632","NOSPLIT","8","307","COMPLETED",,,,
"ab2b7759-59d9-4189-8c4b-9009e8a80a7d","Model","Transactions","Transactions 2010","Transactions","Transactions (34)","Card Key (118)","0","0","158110","156256","156256","NOSPLIT","9","235","COMPLETED",,,,
"ab2b7759-59d9-4189-8c4b-9009e8a80a7d","Model","Transactions","Transactions 2011","Transactions","Transactions (34)","Card Key (118)","1","1","165166","181784","181784","NOSPLIT","10","261","COMPLETED",,,,
"ab2b7759-59d9-4189-8c4b-9009e8a80a7d","Model","Transactions","Transactions 2012","Transactions","Transactions (34)","Card Key (118)","2","2","169469","199840","199840","NOSPLIT","10","222","COMPLETED",,,,
"ab2b7759-59d9-4189-8c4b-9009e8a80a7d","Model","Transactions","Transactions 2013","Transactions","Transactions (34)","Card Key (118)","3","3","172080","204408","204408","NOSPLIT","10","200","COMPLETED",,,,
"ab2b7759-59d9-4189-8c4b-9009e8a80a7d","Model","Transactions","Transactions 2014","Transactions","Transactions (34)","Card Key (118)","4","4","171864","202552","202552","NOSPLIT","10","218","COMPLETED",,,,
"ab2b7759-59d9-4189-8c4b-9009e8a80a7d","Model","Transactions","Transactions 2015","Transactions","Transactions (34)","Card Key (118)","5","5","174123","203912","203912","NOSPLIT","10","210","COMPLETED",,,,
"ab2b7759-59d9-4189-8c4b-9009e8a80a7d","Model","Transactions","Transactions 2016","Transactions","Transactions (34)","Card Key (118)","6","6","174646","206736","206736","NOSPLIT","10","190","COMPLETED",,,,
"ab2b7759-59d9-4189-8c4b-9009e8a80a7d","Model","Transactions","Transactions 2017","Transactions","Transactions (34)","Card Key (118)","7","7","175854","203664","203664","NOSPLIT","10","235","COMPLETED",,,,
"ab2b7759-59d9-4189-8c4b-9009e8a80a7d","Model","Transactions","Transactions 2018","Transactions","Transactions (34)","Card Key (118)","8","8","175277","204544","204544","NOSPLIT","10","228","COMPLETED",,,,
"ab2b7759-59d9-4189-8c4b-9009e8a80a7d","Model","Transactions","Transactions 2019","Transactions","Transactions (34)","Card Key (118)","9","9","146051","172304","172304","NOSPLIT","10","163","COMPLETED",,,,
"ab2b7759-59d9-4189-8c4b-9009e8a80a7d","Model","Transactions","Transactions 2010","Transactions","Transactions (34)","MCC (119)","0","0","158110","22176","22176","NOSPLIT","7","121","COMPLETED",,,,
"ab2b7759-59d9-4189-8c4b-9009e8a80a7d","Model","Transactions","Transactions 2011","Transactions","Transactions (34)","MCC (119)","1","1","165166","19288","19288","NOSPLIT","7","101","COMPLETED",,,,
"ab2b7759-59d9-4189-8c4b-9009e8a80a7d","Model","Transactions","Transactions 2012","Transactions","Transactions (34)","MCC (119)","2","2","169469","20512","20512","NOSPLIT","7","111","COMPLETED",,,,
"ab2b7759-59d9-4189-8c4b-9009e8a80a7d","Model","Transactions","Transactions 2013","Transactions","Transactions (34)","MCC (119)","3","3","172080","19712","19712","NOSPLIT","7","129","COMPLETED",,,,
"ab2b7759-59d9-4189-8c4b-9009e8a80a7d","Model","Transactions","Transactions 2014","Transactions","Transactions (34)","MCC (119)","4","4","171864","21240","21240","NOSPLIT","7","116","COMPLETED",,,,
"ab2b7759-59d9-4189-8c4b-9009e8a80a7d","Model","Transactions","Transactions 2015","Transactions","Transactions (34)","MCC (119)","5","5","174123","24816","24816","NOSPLIT","7","141","COMPLETED",,,,
"ab2b7759-59d9-4189-8c4b-9009e8a80a7d","Model","Transactions","Transactions 2016","Transactions","Transactions (34)","MCC (119)","6","6","174646","24344","24344","NOSPLIT","7","139","COMPLETED",,,,
"ab2b7759-59d9-4189-8c4b-9009e8a80a7d","Model","Transactions","Transactions 2017","Transactions","Transactions (34)","MCC (119)","7","7","175854","24992","24992","NOSPLIT","7","139","COMPLETED",,,,
"ab2b7759-59d9-4189-8c4b-9009e8a80a7d","Model","Transactions","Transactions 2018","Transactions","Transactions (34)","MCC (119)","8","8","175277","22384","22384","NOSPLIT","7","126","COMPLETED",,,,
"ab2b7759-59d9-4189-8c4b-9009e8a80a7d","Model","Transactions","Transactions 2019","Transactions","Transactions (34)","MCC (119)","9","9","146051","21912","21912","NOSPLIT","7","137","COMPLETED",,,,
"ab2b7759-59d9-4189-8c4b-9009e8a80a7d","Model","Transactions","Transactions 2010","Transactions","Transactions (34)","Channel Key (120)","0","0","158110","192","192","NOSPLIT","1","9","COMPLETED",,,,
"ab2b7759-59d9-4189-8c4b-9009e8a80a7d","Model","Transactions","Transactions 2011","Transactions","Transactions (34)","Channel Key (120)","1","1","165166","136","136","NOSPLIT","1","5","COMPLETED",,,,
"ab2b7759-59d9-4189-8c4b-9009e8a80a7d","Model","Transactions","Transactions 2012","Transactions","Transactions (34)","Channel Key (120)","2","2","169469","144","144","NOSPLIT","1","8","COMPLETED",,,,
"ab2b7759-59d9-4189-8c4b-9009e8a80a7d","Model","Transactions","Transactions 2013","Transactions","Transactions (34)","Channel Key (120)","3","3","172080","208","208","NOSPLIT","1","7","COMPLETED",,,,
"ab2b7759-59d9-4189-8c4b-9009e8a80a7d","Model","Transactions","Transactions 2014","Transactions","Transactions (34)","Channel Key (120)","4","4","171864","144","144","NOSPLIT","1","8","COMPLETED",,,,
"ab2b7759-59d9-4189-8c4b-9009e8a80a7d","Model","Transactions","Transactions 2015","Transactions","Transactions (34)","Channel Key (120)","5","5","174123","152","152","NOSPLIT","2","9","COMPLETED",,,,
"ab2b7759-59d9-4189-8c4b-9009e8a80a7d","Model","Transactions","Transactions 2016","Transactions","Transactions (34)","Channel Key (120)","6","6","174646","152","152","NOSPLIT","2","9","COMPLETED",,,,
"ab2b7759-59d9-4189-8c4b-9009e8a80a7d","Model","Transactions","Transactions 2017","Transactions","Transactions (34)","Channel Key (120)","7","7","175854","144","144","NOSPLIT","2","9","COMPLETED",,,,
"ab2b7759-59d9-4189-8c4b-9009e8a80a7d","Model","Transactions","Transactions 2018","Transactions","Transactions (34)","Channel Key (120)","8","8","175277","152","152","NOSPLIT","2","9","COMPLETED",,,,
"ab2b7759-59d9-4189-8c4b-9009e8a80a7d","Model","Transactions","Transactions 2019","Transactions","Transactions (34)","Channel Key (120)","9","9","146051","152","152","NOSPLIT","2","9","COMPLETED",,,,
"ab2b7759-59d9-4189-8c4b-9009e8a80a7d","Model","Transactions","Transactions 2010","Transactions","Transactions (34)","Outcome Key (121)","0","0","158110","272","272","NOSPLIT","4","4","COMPLETED",,,,
"ab2b7759-59d9-4189-8c4b-9009e8a80a7d","Model","Transactions","Transactions 2011","Transactions","Transactions (34)","Outcome Key (121)","1","1","165166","272","272","NOSPLIT","4","4","COMPLETED",,,,
"ab2b7759-59d9-4189-8c4b-9009e8a80a7d","Model","Transactions","Transactions 2012","Transactions","Transactions (34)","Outcome Key (121)","2","2","169469","288","288","NOSPLIT","4","4","COMPLETED",,,,
"ab2b7759-59d9-4189-8c4b-9009e8a80a7d","Model","Transactions","Transactions 2013","Transactions","Transactions (34)","Outcome Key (121)","3","3","172080","280","280","NOSPLIT","4","4","COMPLETED",,,,
"ab2b7759-59d9-4189-8c4b-9009e8a80a7d","Model","Transactions","Transactions 2014","Transactions","Transactions (34)","Outcome Key (121)","4","4","171864","296","296","NOSPLIT","4","4","COMPLETED",,,,
"ab2b7759-59d9-4189-8c4b-9009e8a80a7d","Model","Transactions","Transactions 2015","Transactions","Transactions (34)","Outcome Key (121)","5","5","174123","304","304","NOSPLIT","4","4","COMPLETED",,,,
"ab2b7759-59d9-4189-8c4b-9009e8a80a7d","Model","Transactions","Transactions 2016","Transactions","Transactions (34)","Outcome Key (121)","6","6","174646","304","304","NOSPLIT","4","4","COMPLETED",,,,
"ab2b7759-59d9-4189-8c4b-9009e8a80a7d","Model","Transactions","Transactions 2017","Transactions","Transactions (34)","Outcome Key (121)","7","7","175854","304","304","NOSPLIT","4","4","COMPLETED",,,,
"ab2b7759-59d9-4189-8c4b-9009e8a80a7d","Model","Transactions","Transactions 2018","Transactions","Transactions (34)","Outcome Key (121)","8","8","175277","296","296","NOSPLIT","4","4","COMPLETED",,,,
"ab2b7759-59d9-4189-8c4b-9009e8a80a7d","Model","Transactions","Transactions 2019","Transactions","Transactions (34)","Outcome Key (121)","9","9","146051","272","272","NOSPLIT","4","4","COMPLETED",,,,
"ab2b7759-59d9-4189-8c4b-9009e8a80a7d","Model","Transactions","Transactions 2010","Transactions","Transactions (34)","Geo Key (122)","0","0","158110","35680","35680","NOSPLIT","7","361","COMPLETED",,,,
"ab2b7759-59d9-4189-8c4b-9009e8a80a7d","Model","Transactions","Transactions 2011","Transactions","Transactions (34)","Geo Key (122)","1","1","165166","44480","44480","NOSPLIT","7","296","COMPLETED",,,,
"ab2b7759-59d9-4189-8c4b-9009e8a80a7d","Model","Transactions","Transactions 2012","Transactions","Transactions (34)","Geo Key (122)","2","2","169469","43448","43448","NOSPLIT","7","381","COMPLETED",,,,
"ab2b7759-59d9-4189-8c4b-9009e8a80a7d","Model","Transactions","Transactions 2013","Transactions","Transactions (34)","Geo Key (122)","3","3","172080","50328","50328","NOSPLIT","7","374","COMPLETED",,,,
"ab2b7759-59d9-4189-8c4b-9009e8a80a7d","Model","Transactions","Transactions 2014","Transactions","Transactions (34)","Geo Key (122)","4","4","171864","43320","43320","NOSPLIT","7","374","COMPLETED",,,,
"ab2b7759-59d9-4189-8c4b-9009e8a80a7d","Model","Transactions","Transactions 2015","Transactions","Transactions (34)","Geo Key (122)","5","5","174123","61768","61768","NOSPLIT","7","339","COMPLETED",,,,
"ab2b7759-59d9-4189-8c4b-9009e8a80a7d","Model","Transactions","Transactions 2016","Transactions","Transactions (34)","Geo Key (122)","6","6","174646","60176","60176","NOSPLIT","7","361","COMPLETED",,,,
"ab2b7759-59d9-4189-8c4b-9009e8a80a7d","Model","Transactions","Transactions 2017","Transactions","Transactions (34)","Geo Key (122)","7","7","175854","60304","60304","NOSPLIT","7","346","COMPLETED",,,,
"ab2b7759-59d9-4189-8c4b-9009e8a80a7d","Model","Transactions","Transactions 2018","Transactions","Transactions (34)","Geo Key (122)","8","8","175277","60512","60512","NOSPLIT","7","380","COMPLETED",,,,
"ab2b7759-59d9-4189-8c4b-9009e8a80a7d","Model","Transactions","Transactions 2019","Transactions","Transactions (34)","Geo Key (122)","9","9","146051","53056","53056","NOSPLIT","7","298","COMPLETED",,,,
"ab2b7759-59d9-4189-8c4b-9009e8a80a7d","Model","Transactions","Transactions 2010","Transactions","Transactions (34)","Fraud Key (123)","0","0","158110","200","200","NOSPLIT","2","9","COMPLETED",,,,
"ab2b7759-59d9-4189-8c4b-9009e8a80a7d","Model","Transactions","Transactions 2011","Transactions","Transactions (34)","Fraud Key (123)","1","1","165166","9816","9816","NOSPLIT","1","93","COMPLETED",,,,
"ab2b7759-59d9-4189-8c4b-9009e8a80a7d","Model","Transactions","Transactions 2012","Transactions","Transactions (34)","Fraud Key (123)","2","2","169469","184","184","NOSPLIT","2","9","COMPLETED",,,,
"ab2b7759-59d9-4189-8c4b-9009e8a80a7d","Model","Transactions","Transactions 2013","Transactions","Transactions (34)","Fraud Key (123)","3","3","172080","208","208","NOSPLIT","2","8","COMPLETED",,,,
"ab2b7759-59d9-4189-8c4b-9009e8a80a7d","Model","Transactions","Transactions 2014","Transactions","Transactions (34)","Fraud Key (123)","4","4","171864","208","208","NOSPLIT","2","7","COMPLETED",,,,
"ab2b7759-59d9-4189-8c4b-9009e8a80a7d","Model","Transactions","Transactions 2015","Transactions","Transactions (34)","Fraud Key (123)","5","5","174123","760","760","NOSPLIT","2","24","COMPLETED",,,,
"ab2b7759-59d9-4189-8c4b-9009e8a80a7d","Model","Transactions","Transactions 2016","Transactions","Transactions (34)","Fraud Key (123)","6","6","174646","1016","1016","NOSPLIT","2","27","COMPLETED",,,,
"ab2b7759-59d9-4189-8c4b-9009e8a80a7d","Model","Transactions","Transactions 2017","Transactions","Transactions (34)","Fraud Key (123)","7","7","175854","992","992","NOSPLIT","2","25","COMPLETED",,,,
"ab2b7759-59d9-4189-8c4b-9009e8a80a7d","Model","Transactions","Transactions 2018","Transactions","Transactions (34)","Fraud Key (123)","8","8","175277","488","488","NOSPLIT","2","24","COMPLETED",,,,
"ab2b7759-59d9-4189-8c4b-9009e8a80a7d","Model","Transactions","Transactions 2019","Transactions","Transactions (34)","Fraud Key (123)","9","9","146051","816","816","NOSPLIT","2","28","COMPLETED",,,,
"ab2b7759-59d9-4189-8c4b-9009e8a80a7d","Model","Transactions","Transactions 2010","Transactions","Transactions (34)","Amount (124)","0","0","158110","407816","407816","NOSPLIT","21","21","COMPLETED",,,,
"ab2b7759-59d9-4189-8c4b-9009e8a80a7d","Model","Transactions","Transactions 2011","Transactions","Transactions (34)","Amount (124)","1","1","165166","424448","424448","NOSPLIT","21","14","COMPLETED",,,,
"ab2b7759-59d9-4189-8c4b-9009e8a80a7d","Model","Transactions","Transactions 2012","Transactions","Transactions (34)","Amount (124)","2","2","169469","436216","436216","NOSPLIT","21","22","COMPLETED",,,,
"ab2b7759-59d9-4189-8c4b-9009e8a80a7d","Model","Transactions","Transactions 2013","Transactions","Transactions (34)","Amount (124)","3","3","172080","443448","443448","NOSPLIT","21","20","COMPLETED",,,,
"ab2b7759-59d9-4189-8c4b-9009e8a80a7d","Model","Transactions","Transactions 2014","Transactions","Transactions (34)","Amount (124)","4","4","171864","442520","442520","NOSPLIT","21","21","COMPLETED",,,,
"ab2b7759-59d9-4189-8c4b-9009e8a80a7d","Model","Transactions","Transactions 2015","Transactions","Transactions (34)","Amount (124)","5","5","174123","449664","449664","NOSPLIT","21","26","COMPLETED",,,,
"ab2b7759-59d9-4189-8c4b-9009e8a80a7d","Model","Transactions","Transactions 2016","Transactions","Transactions (34)","Amount (124)","6","6","174646","451328","451328","NOSPLIT","21","24","COMPLETED",,,,
"ab2b7759-59d9-4189-8c4b-9009e8a80a7d","Model","Transactions","Transactions 2017","Transactions","Transactions (34)","Amount (124)","7","7","175854","454176","454176","NOSPLIT","21","25","COMPLETED",,,,
"ab2b7759-59d9-4189-8c4b-9009e8a80a7d","Model","Transactions","Transactions 2018","Transactions","Transactions (34)","Amount (124)","8","8","175277","452744","452744","NOSPLIT","21","24","COMPLETED",,,,
"ab2b7759-59d9-4189-8c4b-9009e8a80a7d","Model","Transactions","Transactions 2019","Transactions","Transactions (34)","Amount (124)","9","9","146051","377872","377872","NOSPLIT","21","21","COMPLETED",,,,
"ab2b7759-59d9-4189-8c4b-9009e8a80a7d","Model","Metrics","Metrics","Metrics","Metrics (37)","RowNumber 2662979B 1795 4F74 8F37 6A1BA8059B61 (38)","0","0","0","128","128","C123","0","0","SKIPPED",,,,
"ab2b7759-59d9-4189-8c4b-9009e8a80a7d","Model","Metrics","Metrics","Metrics","Metrics (37)","Column (125)","0","0","0","136","136","NOSPLIT","1","0","COMPLETED",,,,
"ab2b7759-59d9-4189-8c4b-9009e8a80a7d","Model","Transactions","Transactions 2010","Transactions","R$Transactions (34)$Category to Transactions (43)","INDEX","0","0","0","104","104","NOSPLIT","7","0","SKIPPED",,,,
"ab2b7759-59d9-4189-8c4b-9009e8a80a7d","Model","Transactions","Transactions 2010","Transactions","R$Transactions (34)$Outcome to Transactions (45)","INDEX","0","0","0","8","8","NOSPLIT","4","0","SKIPPED",,,,
"ab2b7759-59d9-4189-8c4b-9009e8a80a7d","Model","Transactions","Transactions 2010","Transactions","R$Transactions (34)$Geography to Transactions (46)","INDEX","0","0","0","120","120","NOSPLIT","7","0","SKIPPED",,,,
"ab2b7759-59d9-4189-8c4b-9009e8a80a7d","Model","Transactions","Transactions 2010","Transactions","R$Transactions (34)$Channel to Transactions (44)","INDEX","0","0","0","8","8","NOSPLIT","2","0","SKIPPED",,,,
"ab2b7759-59d9-4189-8c4b-9009e8a80a7d","Model","Transactions","Transactions 2010","Transactions","R$Transactions (34)$Client to Transactions (41)","INDEX","0","0","0","168","168","NOSPLIT","8","0","SKIPPED",,,,
"ab2b7759-59d9-4189-8c4b-9009e8a80a7d","Model","Transactions","Transactions 2010","Transactions","R$Transactions (34)$Date to Transactions (40)","INDEX","0","0","0","5752","5752","NOSPLIT","12","0","SKIPPED",,,,
"ab2b7759-59d9-4189-8c4b-9009e8a80a7d","Model","Transactions","Transactions 2010","Transactions","R$Transactions (34)$Fraud to Transactions (47)","INDEX","0","0","0","8","8","NOSPLIT","2","0","SKIPPED",,,,
"ab2b7759-59d9-4189-8c4b-9009e8a80a7d","Model","Transactions","Transactions 2010","Transactions","R$Transactions (34)$Card to Transactions (42)","INDEX","0","0","0","776","776","NOSPLIT","10","0","SKIPPED",,,,
"ab2b7759-59d9-4189-8c4b-9009e8a80a7d","Model","Channel","Channel","Channel","H$Channel (22)$Presentment (99)","POS_TO_ID","0","0","0","16","16","NOSPLIT","32","0","SKIPPED",,,,
"ab2b7759-59d9-4189-8c4b-9009e8a80a7d","Model","Channel","Channel","Channel","H$Channel (22)$Presentment (99)","POS_TO_ID","1","0","0","16","16","NOSPLIT","32","0","SKIPPED",,,,
"ab2b7759-59d9-4189-8c4b-9009e8a80a7d","Model","Channel","Channel","Channel","H$Channel (22)$Presentment (99)","POS_TO_ID","2","0","0","8","8","NOSPLIT","32","0","SKIPPED",,,,
"ab2b7759-59d9-4189-8c4b-9009e8a80a7d","Model","Channel","Channel","Channel","H$Channel (22)$Presentment (99)","ID_TO_POS","0","0","0","16","16","NOSPLIT","32","0","SKIPPED",,,,
"ab2b7759-59d9-4189-8c4b-9009e8a80a7d","Model","Channel","Channel","Channel","H$Channel (22)$Presentment (99)","ID_TO_POS","1","0","0","16","16","NOSPLIT","32","0","SKIPPED",,,,
"ab2b7759-59d9-4189-8c4b-9009e8a80a7d","Model","Channel","Channel","Channel","H$Channel (22)$Presentment (99)","ID_TO_POS","2","0","0","8","8","NOSPLIT","32","0","SKIPPED",,,,
"ab2b7759-59d9-4189-8c4b-9009e8a80a7d","Model","Channel","Channel","Channel","H$Channel (22)$Channel Sort (98)","POS_TO_ID","0","0","0","16","16","NOSPLIT","32","0","SKIPPED",,,,
"ab2b7759-59d9-4189-8c4b-9009e8a80a7d","Model","Channel","Channel","Channel","H$Channel (22)$Channel Sort (98)","POS_TO_ID","1","0","0","16","16","NOSPLIT","32","0","SKIPPED",,,,
"ab2b7759-59d9-4189-8c4b-9009e8a80a7d","Model","Channel","Channel","Channel","H$Channel (22)$Channel Key (96)","POS_TO_ID","0","0","0","16","16","NOSPLIT","32","0","SKIPPED",,,,
"ab2b7759-59d9-4189-8c4b-9009e8a80a7d","Model","Channel","Channel","Channel","H$Channel (22)$Channel Key (96)","POS_TO_ID","1","0","0","16","16","NOSPLIT","32","0","SKIPPED",,,,
"ab2b7759-59d9-4189-8c4b-9009e8a80a7d","Model","Channel","Channel","Channel","H$Channel (22)$Channel Key (96)","ID_TO_POS","0","0","0","16","16","NOSPLIT","32","0","SKIPPED",,,,
"ab2b7759-59d9-4189-8c4b-9009e8a80a7d","Model","Channel","Channel","Channel","H$Channel (22)$Channel Key (96)","ID_TO_POS","1","0","0","16","16","NOSPLIT","32","0","SKIPPED",,,,
"ab2b7759-59d9-4189-8c4b-9009e8a80a7d","Model","Outcome","Outcome","Outcome","H$Outcome (25)$Outcome Sort (102)","POS_TO_ID","0","0","0","40","40","NOSPLIT","32","0","SKIPPED",,,,
"ab2b7759-59d9-4189-8c4b-9009e8a80a7d","Model","Outcome","Outcome","Outcome","H$Outcome (25)$Outcome Sort (102)","POS_TO_ID","1","0","0","16","16","NOSPLIT","32","0","SKIPPED",,,,
"ab2b7759-59d9-4189-8c4b-9009e8a80a7d","Model","Outcome","Outcome","Outcome","H$Outcome (25)$Outcome Class (103)","POS_TO_ID","0","0","0","32","32","NOSPLIT","32","0","SKIPPED",,,,
"ab2b7759-59d9-4189-8c4b-9009e8a80a7d","Model","Outcome","Outcome","Outcome","H$Outcome (25)$Outcome Class (103)","POS_TO_ID","1","0","0","16","16","NOSPLIT","32","0","SKIPPED",,,,
"ab2b7759-59d9-4189-8c4b-9009e8a80a7d","Model","Outcome","Outcome","Outcome","H$Outcome (25)$Outcome Class (103)","ID_TO_POS","0","0","0","32","32","NOSPLIT","32","0","SKIPPED",,,,
"ab2b7759-59d9-4189-8c4b-9009e8a80a7d","Model","Outcome","Outcome","Outcome","H$Outcome (25)$Outcome Class (103)","ID_TO_POS","1","0","0","16","16","NOSPLIT","32","0","SKIPPED",,,,
"ab2b7759-59d9-4189-8c4b-9009e8a80a7d","Model","Outcome","Outcome","Outcome","H$Outcome (25)$Is Approved (104)","POS_TO_ID","0","0","0","16","16","NOSPLIT","32","0","SKIPPED",,,,
"ab2b7759-59d9-4189-8c4b-9009e8a80a7d","Model","Outcome","Outcome","Outcome","H$Outcome (25)$Is Approved (104)","POS_TO_ID","1","0","0","16","16","NOSPLIT","32","0","SKIPPED",,,,
"ab2b7759-59d9-4189-8c4b-9009e8a80a7d","Model","Outcome","Outcome","Outcome","H$Outcome (25)$Is Approved (104)","POS_TO_ID","2","0","0","8","8","NOSPLIT","32","0","SKIPPED",,,,
"ab2b7759-59d9-4189-8c4b-9009e8a80a7d","Model","Outcome","Outcome","Outcome","H$Outcome (25)$Is Approved (104)","ID_TO_POS","0","0","0","16","16","NOSPLIT","32","0","SKIPPED",,,,
"ab2b7759-59d9-4189-8c4b-9009e8a80a7d","Model","Outcome","Outcome","Outcome","H$Outcome (25)$Is Approved (104)","ID_TO_POS","1","0","0","16","16","NOSPLIT","32","0","SKIPPED",,,,
"ab2b7759-59d9-4189-8c4b-9009e8a80a7d","Model","Outcome","Outcome","Outcome","H$Outcome (25)$Is Approved (104)","ID_TO_POS","2","0","0","8","8","NOSPLIT","32","0","SKIPPED",,,,
"ab2b7759-59d9-4189-8c4b-9009e8a80a7d","Model","Outcome","Outcome","Outcome","H$Outcome (25)$Outcome Key (100)","POS_TO_ID","0","0","0","40","40","NOSPLIT","32","0","SKIPPED",,,,
"ab2b7759-59d9-4189-8c4b-9009e8a80a7d","Model","Outcome","Outcome","Outcome","H$Outcome (25)$Outcome Key (100)","POS_TO_ID","1","0","0","16","16","NOSPLIT","32","0","SKIPPED",,,,
"ab2b7759-59d9-4189-8c4b-9009e8a80a7d","Model","Outcome","Outcome","Outcome","H$Outcome (25)$Outcome Key (100)","ID_TO_POS","0","0","0","40","40","NOSPLIT","32","0","SKIPPED",,,,
"ab2b7759-59d9-4189-8c4b-9009e8a80a7d","Model","Outcome","Outcome","Outcome","H$Outcome (25)$Outcome Key (100)","ID_TO_POS","1","0","0","16","16","NOSPLIT","32","0","SKIPPED",,,,
"ab2b7759-59d9-4189-8c4b-9009e8a80a7d","Model","Channel","Channel","Channel","H$Channel (22)$Channel (97)","POS_TO_ID","0","0","0","16","16","NOSPLIT","32","0","SKIPPED",,,,
"ab2b7759-59d9-4189-8c4b-9009e8a80a7d","Model","Channel","Channel","Channel","H$Channel (22)$Channel (97)","POS_TO_ID","1","0","0","16","16","NOSPLIT","32","0","SKIPPED",,,,
"ab2b7759-59d9-4189-8c4b-9009e8a80a7d","Model","Channel","Channel","Channel","H$Channel (22)$Channel (97)","ID_TO_POS","0","0","0","16","16","NOSPLIT","32","0","SKIPPED",,,,
"ab2b7759-59d9-4189-8c4b-9009e8a80a7d","Model","Channel","Channel","Channel","H$Channel (22)$Channel (97)","ID_TO_POS","1","0","0","16","16","NOSPLIT","32","0","SKIPPED",,,,
"ab2b7759-59d9-4189-8c4b-9009e8a80a7d","Model","Outcome","Outcome","Outcome","H$Outcome (25)$Outcome (101)","POS_TO_ID","0","0","0","40","40","NOSPLIT","32","0","SKIPPED",,,,
"ab2b7759-59d9-4189-8c4b-9009e8a80a7d","Model","Outcome","Outcome","Outcome","H$Outcome (25)$Outcome (101)","POS_TO_ID","1","0","0","16","16","NOSPLIT","32","0","SKIPPED",,,,
"ab2b7759-59d9-4189-8c4b-9009e8a80a7d","Model","Outcome","Outcome","Outcome","H$Outcome (25)$Outcome (101)","ID_TO_POS","0","0","0","40","40","NOSPLIT","32","0","SKIPPED",,,,
"ab2b7759-59d9-4189-8c4b-9009e8a80a7d","Model","Outcome","Outcome","Outcome","H$Outcome (25)$Outcome (101)","ID_TO_POS","1","0","0","16","16","NOSPLIT","32","0","SKIPPED",,,,
"ab2b7759-59d9-4189-8c4b-9009e8a80a7d","Model","Fraud Status","Fraud Status","Fraud Status","H$Fraud Status (31)$Is Fraud (114)","POS_TO_ID","0","0","0","16","16","NOSPLIT","32","0","SKIPPED",,,,
"ab2b7759-59d9-4189-8c4b-9009e8a80a7d","Model","Fraud Status","Fraud Status","Fraud Status","H$Fraud Status (31)$Is Fraud (114)","POS_TO_ID","1","0","0","16","16","NOSPLIT","32","0","SKIPPED",,,,
"ab2b7759-59d9-4189-8c4b-9009e8a80a7d","Model","Fraud Status","Fraud Status","Fraud Status","H$Fraud Status (31)$Is Fraud (114)","POS_TO_ID","2","0","0","8","8","NOSPLIT","32","0","SKIPPED",,,,
"ab2b7759-59d9-4189-8c4b-9009e8a80a7d","Model","Fraud Status","Fraud Status","Fraud Status","H$Fraud Status (31)$Is Fraud (114)","ID_TO_POS","0","0","0","16","16","NOSPLIT","32","0","SKIPPED",,,,
"ab2b7759-59d9-4189-8c4b-9009e8a80a7d","Model","Fraud Status","Fraud Status","Fraud Status","H$Fraud Status (31)$Is Fraud (114)","ID_TO_POS","1","0","0","16","16","NOSPLIT","32","0","SKIPPED",,,,
"ab2b7759-59d9-4189-8c4b-9009e8a80a7d","Model","Fraud Status","Fraud Status","Fraud Status","H$Fraud Status (31)$Is Fraud (114)","ID_TO_POS","2","0","0","8","8","NOSPLIT","32","0","SKIPPED",,,,
"ab2b7759-59d9-4189-8c4b-9009e8a80a7d","Model","Fraud Status","Fraud Status","Fraud Status","H$Fraud Status (31)$Fraud Key (110)","POS_TO_ID","0","0","0","16","16","NOSPLIT","32","0","SKIPPED",,,,
"ab2b7759-59d9-4189-8c4b-9009e8a80a7d","Model","Fraud Status","Fraud Status","Fraud Status","H$Fraud Status (31)$Fraud Key (110)","POS_TO_ID","1","0","0","16","16","NOSPLIT","32","0","SKIPPED",,,,
"ab2b7759-59d9-4189-8c4b-9009e8a80a7d","Model","Fraud Status","Fraud Status","Fraud Status","H$Fraud Status (31)$Fraud Key (110)","ID_TO_POS","0","0","0","16","16","NOSPLIT","32","0","SKIPPED",,,,
"ab2b7759-59d9-4189-8c4b-9009e8a80a7d","Model","Fraud Status","Fraud Status","Fraud Status","H$Fraud Status (31)$Fraud Key (110)","ID_TO_POS","1","0","0","16","16","NOSPLIT","32","0","SKIPPED",,,,
"ab2b7759-59d9-4189-8c4b-9009e8a80a7d","Model","Fraud Status","Fraud Status","Fraud Status","H$Fraud Status (31)$Is Labelled (113)","POS_TO_ID","0","0","0","16","16","NOSPLIT","32","0","SKIPPED",,,,
"ab2b7759-59d9-4189-8c4b-9009e8a80a7d","Model","Fraud Status","Fraud Status","Fraud Status","H$Fraud Status (31)$Is Labelled (113)","POS_TO_ID","1","0","0","16","16","NOSPLIT","32","0","SKIPPED",,,,
"ab2b7759-59d9-4189-8c4b-9009e8a80a7d","Model","Fraud Status","Fraud Status","Fraud Status","H$Fraud Status (31)$Is Labelled (113)","POS_TO_ID","2","0","0","8","8","NOSPLIT","32","0","SKIPPED",,,,
"ab2b7759-59d9-4189-8c4b-9009e8a80a7d","Model","Fraud Status","Fraud Status","Fraud Status","H$Fraud Status (31)$Is Labelled (113)","ID_TO_POS","0","0","0","16","16","NOSPLIT","32","0","SKIPPED",,,,
"ab2b7759-59d9-4189-8c4b-9009e8a80a7d","Model","Fraud Status","Fraud Status","Fraud Status","H$Fraud Status (31)$Is Labelled (113)","ID_TO_POS","1","0","0","16","16","NOSPLIT","32","0","SKIPPED",,,,
"ab2b7759-59d9-4189-8c4b-9009e8a80a7d","Model","Fraud Status","Fraud Status","Fraud Status","H$Fraud Status (31)$Is Labelled (113)","ID_TO_POS","2","0","0","8","8","NOSPLIT","32","0","SKIPPED",,,,
"ab2b7759-59d9-4189-8c4b-9009e8a80a7d","Model","Fraud Status","Fraud Status","Fraud Status","H$Fraud Status (31)$Fraud Sort (112)","POS_TO_ID","0","0","0","16","16","NOSPLIT","32","0","SKIPPED",,,,
"ab2b7759-59d9-4189-8c4b-9009e8a80a7d","Model","Fraud Status","Fraud Status","Fraud Status","H$Fraud Status (31)$Fraud Sort (112)","POS_TO_ID","1","0","0","16","16","NOSPLIT","32","0","SKIPPED",,,,
"ab2b7759-59d9-4189-8c4b-9009e8a80a7d","Model","Fraud Status","Fraud Status","Fraud Status","H$Fraud Status (31)$Fraud Status (111)","POS_TO_ID","0","0","0","16","16","NOSPLIT","32","0","SKIPPED",,,,
"ab2b7759-59d9-4189-8c4b-9009e8a80a7d","Model","Fraud Status","Fraud Status","Fraud Status","H$Fraud Status (31)$Fraud Status (111)","POS_TO_ID","1","0","0","16","16","NOSPLIT","32","0","SKIPPED",,,,
"ab2b7759-59d9-4189-8c4b-9009e8a80a7d","Model","Fraud Status","Fraud Status","Fraud Status","H$Fraud Status (31)$Fraud Status (111)","ID_TO_POS","0","0","0","16","16","NOSPLIT","32","0","SKIPPED",,,,
"ab2b7759-59d9-4189-8c4b-9009e8a80a7d","Model","Fraud Status","Fraud Status","Fraud Status","H$Fraud Status (31)$Fraud Status (111)","ID_TO_POS","1","0","0","16","16","NOSPLIT","32","0","SKIPPED",,,,
"ab2b7759-59d9-4189-8c4b-9009e8a80a7d","Model","Client","Client","Client","H$Client (13)$Gender (65)","POS_TO_ID","0","0","0","16","16","NOSPLIT","32","0","SKIPPED",,,,
"ab2b7759-59d9-4189-8c4b-9009e8a80a7d","Model","Client","Client","Client","H$Client (13)$Gender (65)","POS_TO_ID","1","0","0","16","16","NOSPLIT","32","0","SKIPPED",,,,
"ab2b7759-59d9-4189-8c4b-9009e8a80a7d","Model","Client","Client","Client","H$Client (13)$Gender (65)","POS_TO_ID","2","0","0","8","8","NOSPLIT","32","0","SKIPPED",,,,
"ab2b7759-59d9-4189-8c4b-9009e8a80a7d","Model","Client","Client","Client","H$Client (13)$Gender (65)","ID_TO_POS","0","0","0","16","16","NOSPLIT","32","0","SKIPPED",,,,
"ab2b7759-59d9-4189-8c4b-9009e8a80a7d","Model","Client","Client","Client","H$Client (13)$Gender (65)","ID_TO_POS","1","0","0","16","16","NOSPLIT","32","0","SKIPPED",,,,
"ab2b7759-59d9-4189-8c4b-9009e8a80a7d","Model","Client","Client","Client","H$Client (13)$Gender (65)","ID_TO_POS","2","0","0","8","8","NOSPLIT","32","0","SKIPPED",,,,
"ab2b7759-59d9-4189-8c4b-9009e8a80a7d","Model","Client","Client","Client","H$Client (13)$Age Band Sort (68)","POS_TO_ID","0","0","0","24","24","NOSPLIT","32","0","SKIPPED",,,,
"ab2b7759-59d9-4189-8c4b-9009e8a80a7d","Model","Client","Client","Client","H$Client (13)$Age Band Sort (68)","POS_TO_ID","1","0","0","16","16","NOSPLIT","32","0","SKIPPED",,,,
"ab2b7759-59d9-4189-8c4b-9009e8a80a7d","Model","Client","Client","Client","H$Client (13)$Age Band Sort (68)","ID_TO_POS","0","0","0","24","24","NOSPLIT","32","0","SKIPPED",,,,
"ab2b7759-59d9-4189-8c4b-9009e8a80a7d","Model","Client","Client","Client","H$Client (13)$Age Band Sort (68)","ID_TO_POS","1","0","0","16","16","NOSPLIT","32","0","SKIPPED",,,,
"ab2b7759-59d9-4189-8c4b-9009e8a80a7d","Model","Client","Client","Client","H$Client (13)$Retirement Age (70)","POS_TO_ID","0","0","0","96","96","NOSPLIT","32","0","SKIPPED",,,,
"ab2b7759-59d9-4189-8c4b-9009e8a80a7d","Model","Client","Client","Client","H$Client (13)$Retirement Age (70)","POS_TO_ID","1","0","0","16","16","NOSPLIT","32","0","SKIPPED",,,,
"ab2b7759-59d9-4189-8c4b-9009e8a80a7d","Model","Client","Client","Client","H$Client (13)$Yearly Income (71)","POS_TO_ID","0","0","0","648","648","NOSPLIT","32","0","SKIPPED",,,,
"ab2b7759-59d9-4189-8c4b-9009e8a80a7d","Model","Client","Client","Client","H$Client (13)$Yearly Income (71)","POS_TO_ID","1","0","0","16","16","NOSPLIT","32","0","SKIPPED",,,,
"ab2b7759-59d9-4189-8c4b-9009e8a80a7d","Model","Client","Client","Client","H$Client (13)$Birth Year (69)","POS_TO_ID","0","0","0","240","240","NOSPLIT","32","0","SKIPPED",,,,
"ab2b7759-59d9-4189-8c4b-9009e8a80a7d","Model","Client","Client","Client","H$Client (13)$Birth Year (69)","POS_TO_ID","1","0","0","16","16","NOSPLIT","32","0","SKIPPED",,,,
"ab2b7759-59d9-4189-8c4b-9009e8a80a7d","Model","Client","Client","Client","H$Client (13)$Credit Score Band Sort (79)","POS_TO_ID","0","0","0","24","24","NOSPLIT","32","0","SKIPPED",,,,
"ab2b7759-59d9-4189-8c4b-9009e8a80a7d","Model","Client","Client","Client","H$Client (13)$Credit Score Band Sort (79)","POS_TO_ID","1","0","0","16","16","NOSPLIT","32","0","SKIPPED",,,,
"ab2b7759-59d9-4189-8c4b-9009e8a80a7d","Model","Client","Client","Client","H$Client (13)$Credit Score Band Sort (79)","ID_TO_POS","0","0","0","24","24","NOSPLIT","32","0","SKIPPED",,,,
"ab2b7759-59d9-4189-8c4b-9009e8a80a7d","Model","Client","Client","Client","H$Client (13)$Credit Score Band Sort (79)","ID_TO_POS","1","0","0","16","16","NOSPLIT","32","0","SKIPPED",,,,
"ab2b7759-59d9-4189-8c4b-9009e8a80a7d","Model","Client","Client","Client","H$Client (13)$Credit Score (77)","POS_TO_ID","0","0","0","448","448","NOSPLIT","32","0","SKIPPED",,,,
"ab2b7759-59d9-4189-8c4b-9009e8a80a7d","Model","Client","Client","Client","H$Client (13)$Credit Score (77)","POS_TO_ID","1","0","0","16","16","NOSPLIT","32","0","SKIPPED",,,,
"ab2b7759-59d9-4189-8c4b-9009e8a80a7d","Model","Client","Client","Client","H$Client (13)$Total Debt (75)","POS_TO_ID","0","0","0","632","632","NOSPLIT","32","0","SKIPPED",,,,
"ab2b7759-59d9-4189-8c4b-9009e8a80a7d","Model","Client","Client","Client","H$Client (13)$Total Debt (75)","POS_TO_ID","1","0","0","16","16","NOSPLIT","32","0","SKIPPED",,,,
"ab2b7759-59d9-4189-8c4b-9009e8a80a7d","Model","Client","Client","Client","H$Client (13)$Cards Held (80)","POS_TO_ID","0","0","0","40","40","NOSPLIT","32","0","SKIPPED",,,,
"ab2b7759-59d9-4189-8c4b-9009e8a80a7d","Model","Client","Client","Client","H$Client (13)$Cards Held (80)","POS_TO_ID","1","0","0","16","16","NOSPLIT","32","0","SKIPPED",,,,
"ab2b7759-59d9-4189-8c4b-9009e8a80a7d","Model","Client","Client","Client","H$Client (13)$Debt to Income (76)","POS_TO_ID","0","0","0","632","632","NOSPLIT","32","0","SKIPPED",,,,
"ab2b7759-59d9-4189-8c4b-9009e8a80a7d","Model","Client","Client","Client","H$Client (13)$Debt to Income (76)","POS_TO_ID","1","0","0","16","16","NOSPLIT","32","0","SKIPPED",,,,
"ab2b7759-59d9-4189-8c4b-9009e8a80a7d","Model","Client","Client","Client","H$Client (13)$Per Capita Income (74)","POS_TO_ID","0","0","0","640","640","NOSPLIT","32","0","SKIPPED",,,,
"ab2b7759-59d9-4189-8c4b-9009e8a80a7d","Model","Client","Client","Client","H$Client (13)$Per Capita Income (74)","POS_TO_ID","1","0","0","16","16","NOSPLIT","32","0","SKIPPED",,,,
"ab2b7759-59d9-4189-8c4b-9009e8a80a7d","Model","Client","Client","Client","H$Client (13)$Age (66)","POS_TO_ID","0","0","0","248","248","NOSPLIT","32","0","SKIPPED",,,,
"ab2b7759-59d9-4189-8c4b-9009e8a80a7d","Model","Client","Client","Client","H$Client (13)$Age (66)","POS_TO_ID","1","0","0","16","16","NOSPLIT","32","0","SKIPPED",,,,
"ab2b7759-59d9-4189-8c4b-9009e8a80a7d","Model","Client","Client","Client","H$Client (13)$Income Band Sort (73)","POS_TO_ID","0","0","0","24","24","NOSPLIT","32","0","SKIPPED",,,,
"ab2b7759-59d9-4189-8c4b-9009e8a80a7d","Model","Client","Client","Client","H$Client (13)$Income Band Sort (73)","POS_TO_ID","1","0","0","16","16","NOSPLIT","32","0","SKIPPED",,,,
"ab2b7759-59d9-4189-8c4b-9009e8a80a7d","Model","Client","Client","Client","H$Client (13)$Income Band Sort (73)","ID_TO_POS","0","0","0","24","24","NOSPLIT","32","0","SKIPPED",,,,
"ab2b7759-59d9-4189-8c4b-9009e8a80a7d","Model","Client","Client","Client","H$Client (13)$Income Band Sort (73)","ID_TO_POS","1","0","0","16","16","NOSPLIT","32","0","SKIPPED",,,,
"ab2b7759-59d9-4189-8c4b-9009e8a80a7d","Model","Client","Client","Client","H$Client (13)$Client (64)","POS_TO_ID","0","0","0","648","648","NOSPLIT","32","0","SKIPPED",,,,
"ab2b7759-59d9-4189-8c4b-9009e8a80a7d","Model","Client","Client","Client","H$Client (13)$Client (64)","POS_TO_ID","1","0","0","16","16","NOSPLIT","32","0","SKIPPED",,,,
"ab2b7759-59d9-4189-8c4b-9009e8a80a7d","Model","Client","Client","Client","H$Client (13)$Client (64)","ID_TO_POS","0","0","0","648","648","NOSPLIT","32","0","SKIPPED",,,,
"ab2b7759-59d9-4189-8c4b-9009e8a80a7d","Model","Client","Client","Client","H$Client (13)$Client (64)","ID_TO_POS","1","0","0","16","16","NOSPLIT","32","0","SKIPPED",,,,
"ab2b7759-59d9-4189-8c4b-9009e8a80a7d","Model","Client","Client","Client","H$Client (13)$Age Band (67)","POS_TO_ID","0","0","0","24","24","NOSPLIT","32","0","SKIPPED",,,,
"ab2b7759-59d9-4189-8c4b-9009e8a80a7d","Model","Client","Client","Client","H$Client (13)$Age Band (67)","POS_TO_ID","1","0","0","16","16","NOSPLIT","32","0","SKIPPED",,,,
"ab2b7759-59d9-4189-8c4b-9009e8a80a7d","Model","Client","Client","Client","H$Client (13)$Age Band (67)","ID_TO_POS","0","0","0","24","24","NOSPLIT","32","0","SKIPPED",,,,
"ab2b7759-59d9-4189-8c4b-9009e8a80a7d","Model","Client","Client","Client","H$Client (13)$Age Band (67)","ID_TO_POS","1","0","0","16","16","NOSPLIT","32","0","SKIPPED",,,,
"ab2b7759-59d9-4189-8c4b-9009e8a80a7d","Model","Client","Client","Client","H$Client (13)$Credit Score Band (78)","POS_TO_ID","0","0","0","24","24","NOSPLIT","32","0","SKIPPED",,,,
"ab2b7759-59d9-4189-8c4b-9009e8a80a7d","Model","Client","Client","Client","H$Client (13)$Credit Score Band (78)","POS_TO_ID","1","0","0","16","16","NOSPLIT","32","0","SKIPPED",,,,
"ab2b7759-59d9-4189-8c4b-9009e8a80a7d","Model","Client","Client","Client","H$Client (13)$Credit Score Band (78)","ID_TO_POS","0","0","0","24","24","NOSPLIT","32","0","SKIPPED",,,,
"ab2b7759-59d9-4189-8c4b-9009e8a80a7d","Model","Client","Client","Client","H$Client (13)$Credit Score Band (78)","ID_TO_POS","1","0","0","16","16","NOSPLIT","32","0","SKIPPED",,,,
"ab2b7759-59d9-4189-8c4b-9009e8a80a7d","Model","Client","Client","Client","H$Client (13)$Income Band (72)","POS_TO_ID","0","0","0","24","24","NOSPLIT","32","0","SKIPPED",,,,
"ab2b7759-59d9-4189-8c4b-9009e8a80a7d","Model","Client","Client","Client","H$Client (13)$Income Band (72)","POS_TO_ID","1","0","0","16","16","NOSPLIT","32","0","SKIPPED",,,,
"ab2b7759-59d9-4189-8c4b-9009e8a80a7d","Model","Client","Client","Client","H$Client (13)$Income Band (72)","ID_TO_POS","0","0","0","24","24","NOSPLIT","32","0","SKIPPED",,,,
"ab2b7759-59d9-4189-8c4b-9009e8a80a7d","Model","Client","Client","Client","H$Client (13)$Income Band (72)","ID_TO_POS","1","0","0","16","16","NOSPLIT","32","0","SKIPPED",,,,
"ab2b7759-59d9-4189-8c4b-9009e8a80a7d","Model","Date","Date","Date","H$Date (10)$Year (49)","POS_TO_ID","0","0","0","48","48","NOSPLIT","32","0","SKIPPED",,,,
"ab2b7759-59d9-4189-8c4b-9009e8a80a7d","Model","Date","Date","Date","H$Date (10)$Year (49)","POS_TO_ID","1","0","0","16","16","NOSPLIT","32","0","SKIPPED",,,,
"ab2b7759-59d9-4189-8c4b-9009e8a80a7d","Model","Date","Date","Date","H$Date (10)$Year (49)","ID_TO_POS","0","0","0","48","48","NOSPLIT","32","0","SKIPPED",,,,
"ab2b7759-59d9-4189-8c4b-9009e8a80a7d","Model","Date","Date","Date","H$Date (10)$Year (49)","ID_TO_POS","1","0","0","16","16","NOSPLIT","32","0","SKIPPED",,,,
"ab2b7759-59d9-4189-8c4b-9009e8a80a7d","Model","Date","Date","Date","H$Date (10)$Quarter (50)","POS_TO_ID","0","0","0","24","24","NOSPLIT","32","0","SKIPPED",,,,
"ab2b7759-59d9-4189-8c4b-9009e8a80a7d","Model","Date","Date","Date","H$Date (10)$Quarter (50)","POS_TO_ID","1","0","0","16","16","NOSPLIT","32","0","SKIPPED",,,,
"ab2b7759-59d9-4189-8c4b-9009e8a80a7d","Model","Date","Date","Date","H$Date (10)$Quarter (50)","ID_TO_POS","0","0","0","24","24","NOSPLIT","32","0","SKIPPED",,,,
"ab2b7759-59d9-4189-8c4b-9009e8a80a7d","Model","Date","Date","Date","H$Date (10)$Quarter (50)","ID_TO_POS","1","0","0","16","16","NOSPLIT","32","0","SKIPPED",,,,
"ab2b7759-59d9-4189-8c4b-9009e8a80a7d","Model","Date","Date","Date","H$Date (10)$Quarter Year Sort (52)","POS_TO_ID","0","0","0","168","168","NOSPLIT","32","0","SKIPPED",,,,
"ab2b7759-59d9-4189-8c4b-9009e8a80a7d","Model","Date","Date","Date","H$Date (10)$Quarter Year Sort (52)","POS_TO_ID","1","0","0","16","16","NOSPLIT","32","0","SKIPPED",,,,
"ab2b7759-59d9-4189-8c4b-9009e8a80a7d","Model","Date","Date","Date","H$Date (10)$Quarter Year Sort (52)","ID_TO_POS","0","0","0","168","168","NOSPLIT","32","0","SKIPPED",,,,
"ab2b7759-59d9-4189-8c4b-9009e8a80a7d","Model","Date","Date","Date","H$Date (10)$Quarter Year Sort (52)","ID_TO_POS","1","0","0","16","16","NOSPLIT","32","0","SKIPPED",,,,
"ab2b7759-59d9-4189-8c4b-9009e8a80a7d","Model","Date","Date","Date","H$Date (10)$Date (48)","POS_TO_ID","0","0","0","14368","14368","NOSPLIT","32","0","SKIPPED",,,,
"ab2b7759-59d9-4189-8c4b-9009e8a80a7d","Model","Date","Date","Date","H$Date (10)$Date (48)","POS_TO_ID","1","0","0","16","16","NOSPLIT","32","0","SKIPPED",,,,
"ab2b7759-59d9-4189-8c4b-9009e8a80a7d","Model","Date","Date","Date","H$Date (10)$Date (48)","ID_TO_POS","0","0","0","14368","14368","NOSPLIT","32","0","SKIPPED",,,,
"ab2b7759-59d9-4189-8c4b-9009e8a80a7d","Model","Date","Date","Date","H$Date (10)$Date (48)","ID_TO_POS","1","0","0","16","16","NOSPLIT","32","0","SKIPPED",,,,
"ab2b7759-59d9-4189-8c4b-9009e8a80a7d","Model","Date","Date","Date","H$Date (10)$Is Complete Year (63)","POS_TO_ID","0","0","0","16","16","NOSPLIT","32","0","SKIPPED",,,,
"ab2b7759-59d9-4189-8c4b-9009e8a80a7d","Model","Date","Date","Date","H$Date (10)$Is Complete Year (63)","POS_TO_ID","1","0","0","16","16","NOSPLIT","32","0","SKIPPED",,,,
"ab2b7759-59d9-4189-8c4b-9009e8a80a7d","Model","Date","Date","Date","H$Date (10)$Is Complete Year (63)","POS_TO_ID","2","0","0","8","8","NOSPLIT","32","0","SKIPPED",,,,
"ab2b7759-59d9-4189-8c4b-9009e8a80a7d","Model","Date","Date","Date","H$Date (10)$Is Complete Year (63)","ID_TO_POS","0","0","0","16","16","NOSPLIT","32","0","SKIPPED",,,,
"ab2b7759-59d9-4189-8c4b-9009e8a80a7d","Model","Date","Date","Date","H$Date (10)$Is Complete Year (63)","ID_TO_POS","1","0","0","16","16","NOSPLIT","32","0","SKIPPED",,,,
"ab2b7759-59d9-4189-8c4b-9009e8a80a7d","Model","Date","Date","Date","H$Date (10)$Is Complete Year (63)","ID_TO_POS","2","0","0","8","8","NOSPLIT","32","0","SKIPPED",,,,
"ab2b7759-59d9-4189-8c4b-9009e8a80a7d","Model","Date","Date","Date","H$Date (10)$Is Weekend (61)","POS_TO_ID","0","0","0","16","16","NOSPLIT","32","0","SKIPPED",,,,
"ab2b7759-59d9-4189-8c4b-9009e8a80a7d","Model","Date","Date","Date","H$Date (10)$Is Weekend (61)","POS_TO_ID","1","0","0","16","16","NOSPLIT","32","0","SKIPPED",,,,
"ab2b7759-59d9-4189-8c4b-9009e8a80a7d","Model","Date","Date","Date","H$Date (10)$Is Weekend (61)","POS_TO_ID","2","0","0","8","8","NOSPLIT","32","0","SKIPPED",,,,
"ab2b7759-59d9-4189-8c4b-9009e8a80a7d","Model","Date","Date","Date","H$Date (10)$Is Weekend (61)","ID_TO_POS","0","0","0","16","16","NOSPLIT","32","0","SKIPPED",,,,
"ab2b7759-59d9-4189-8c4b-9009e8a80a7d","Model","Date","Date","Date","H$Date (10)$Is Weekend (61)","ID_TO_POS","1","0","0","16","16","NOSPLIT","32","0","SKIPPED",,,,
"ab2b7759-59d9-4189-8c4b-9009e8a80a7d","Model","Date","Date","Date","H$Date (10)$Is Weekend (61)","ID_TO_POS","2","0","0","8","8","NOSPLIT","32","0","SKIPPED",,,,
"ab2b7759-59d9-4189-8c4b-9009e8a80a7d","Model","Date","Date","Date","H$Date (10)$Month Start (58)","POS_TO_ID","0","0","0","480","480","NOSPLIT","32","0","SKIPPED",,,,
"ab2b7759-59d9-4189-8c4b-9009e8a80a7d","Model","Date","Date","Date","H$Date (10)$Month Start (58)","POS_TO_ID","1","0","0","16","16","NOSPLIT","32","0","SKIPPED",,,,
"ab2b7759-59d9-4189-8c4b-9009e8a80a7d","Model","Date","Date","Date","H$Date (10)$Month Start (58)","ID_TO_POS","0","0","0","480","480","NOSPLIT","32","0","SKIPPED",,,,
"ab2b7759-59d9-4189-8c4b-9009e8a80a7d","Model","Date","Date","Date","H$Date (10)$Month Start (58)","ID_TO_POS","1","0","0","16","16","NOSPLIT","32","0","SKIPPED",,,,
"ab2b7759-59d9-4189-8c4b-9009e8a80a7d","Model","Date","Date","Date","H$Date (10)$Month Year Sort (57)","POS_TO_ID","0","0","0","480","480","NOSPLIT","32","0","SKIPPED",,,,
"ab2b7759-59d9-4189-8c4b-9009e8a80a7d","Model","Date","Date","Date","H$Date (10)$Month Year Sort (57)","POS_TO_ID","1","0","0","16","16","NOSPLIT","32","0","SKIPPED",,,,
"ab2b7759-59d9-4189-8c4b-9009e8a80a7d","Model","Date","Date","Date","H$Date (10)$Month Year Sort (57)","ID_TO_POS","0","0","0","480","480","NOSPLIT","32","0","SKIPPED",,,,
"ab2b7759-59d9-4189-8c4b-9009e8a80a7d","Model","Date","Date","Date","H$Date (10)$Month Year Sort (57)","ID_TO_POS","1","0","0","16","16","NOSPLIT","32","0","SKIPPED",,,,
"ab2b7759-59d9-4189-8c4b-9009e8a80a7d","Model","Date","Date","Date","H$Date (10)$Month No (53)","POS_TO_ID","0","0","0","56","56","NOSPLIT","32","0","SKIPPED",,,,
"ab2b7759-59d9-4189-8c4b-9009e8a80a7d","Model","Date","Date","Date","H$Date (10)$Month No (53)","POS_TO_ID","1","0","0","16","16","NOSPLIT","32","0","SKIPPED",,,,
"ab2b7759-59d9-4189-8c4b-9009e8a80a7d","Model","Date","Date","Date","H$Date (10)$Month No (53)","ID_TO_POS","0","0","0","56","56","NOSPLIT","32","0","SKIPPED",,,,
"ab2b7759-59d9-4189-8c4b-9009e8a80a7d","Model","Date","Date","Date","H$Date (10)$Month No (53)","ID_TO_POS","1","0","0","16","16","NOSPLIT","32","0","SKIPPED",,,,
"ab2b7759-59d9-4189-8c4b-9009e8a80a7d","Model","Date","Date","Date","H$Date (10)$Day of Week (59)","POS_TO_ID","0","0","0","32","32","NOSPLIT","32","0","SKIPPED",,,,
"ab2b7759-59d9-4189-8c4b-9009e8a80a7d","Model","Date","Date","Date","H$Date (10)$Day of Week (59)","POS_TO_ID","1","0","0","16","16","NOSPLIT","32","0","SKIPPED",,,,
"ab2b7759-59d9-4189-8c4b-9009e8a80a7d","Model","Date","Date","Date","H$Date (10)$Day of Week (59)","ID_TO_POS","0","0","0","32","32","NOSPLIT","32","0","SKIPPED",,,,
"ab2b7759-59d9-4189-8c4b-9009e8a80a7d","Model","Date","Date","Date","H$Date (10)$Day of Week (59)","ID_TO_POS","1","0","0","16","16","NOSPLIT","32","0","SKIPPED",,,,
"ab2b7759-59d9-4189-8c4b-9009e8a80a7d","Model","Date","Date","Date","H$Date (10)$In Like For Like Period (62)","POS_TO_ID","0","0","0","16","16","NOSPLIT","32","0","SKIPPED",,,,
"ab2b7759-59d9-4189-8c4b-9009e8a80a7d","Model","Date","Date","Date","H$Date (10)$In Like For Like Period (62)","POS_TO_ID","1","0","0","16","16","NOSPLIT","32","0","SKIPPED",,,,
"ab2b7759-59d9-4189-8c4b-9009e8a80a7d","Model","Date","Date","Date","H$Date (10)$In Like For Like Period (62)","POS_TO_ID","2","0","0","8","8","NOSPLIT","32","0","SKIPPED",,,,
"ab2b7759-59d9-4189-8c4b-9009e8a80a7d","Model","Date","Date","Date","H$Date (10)$In Like For Like Period (62)","ID_TO_POS","0","0","0","16","16","NOSPLIT","32","0","SKIPPED",,,,
"ab2b7759-59d9-4189-8c4b-9009e8a80a7d","Model","Date","Date","Date","H$Date (10)$In Like For Like Period (62)","ID_TO_POS","1","0","0","16","16","NOSPLIT","32","0","SKIPPED",,,,
"ab2b7759-59d9-4189-8c4b-9009e8a80a7d","Model","Date","Date","Date","H$Date (10)$In Like For Like Period (62)","ID_TO_POS","2","0","0","8","8","NOSPLIT","32","0","SKIPPED",,,,
"ab2b7759-59d9-4189-8c4b-9009e8a80a7d","Model","Date","Date","Date","H$Date (10)$Quarter Year (51)","POS_TO_ID","0","0","0","168","168","NOSPLIT","32","0","SKIPPED",,,,
"ab2b7759-59d9-4189-8c4b-9009e8a80a7d","Model","Date","Date","Date","H$Date (10)$Quarter Year (51)","POS_TO_ID","1","0","0","16","16","NOSPLIT","32","0","SKIPPED",,,,
"ab2b7759-59d9-4189-8c4b-9009e8a80a7d","Model","Date","Date","Date","H$Date (10)$Quarter Year (51)","ID_TO_POS","0","0","0","168","168","NOSPLIT","32","0","SKIPPED",,,,
"ab2b7759-59d9-4189-8c4b-9009e8a80a7d","Model","Date","Date","Date","H$Date (10)$Quarter Year (51)","ID_TO_POS","1","0","0","16","16","NOSPLIT","32","0","SKIPPED",,,,
"ab2b7759-59d9-4189-8c4b-9009e8a80a7d","Model","Date","Date","Date","H$Date (10)$Day (60)","POS_TO_ID","0","0","0","32","32","NOSPLIT","32","0","SKIPPED",,,,
"ab2b7759-59d9-4189-8c4b-9009e8a80a7d","Model","Date","Date","Date","H$Date (10)$Day (60)","POS_TO_ID","1","0","0","16","16","NOSPLIT","32","0","SKIPPED",,,,
"ab2b7759-59d9-4189-8c4b-9009e8a80a7d","Model","Date","Date","Date","H$Date (10)$Day (60)","ID_TO_POS","0","0","0","32","32","NOSPLIT","32","0","SKIPPED",,,,
"ab2b7759-59d9-4189-8c4b-9009e8a80a7d","Model","Date","Date","Date","H$Date (10)$Day (60)","ID_TO_POS","1","0","0","16","16","NOSPLIT","32","0","SKIPPED",,,,
"ab2b7759-59d9-4189-8c4b-9009e8a80a7d","Model","Date","Date","Date","H$Date (10)$Month Short (55)","POS_TO_ID","0","0","0","56","56","NOSPLIT","32","0","SKIPPED",,,,
"ab2b7759-59d9-4189-8c4b-9009e8a80a7d","Model","Date","Date","Date","H$Date (10)$Month Short (55)","POS_TO_ID","1","0","0","16","16","NOSPLIT","32","0","SKIPPED",,,,
"ab2b7759-59d9-4189-8c4b-9009e8a80a7d","Model","Date","Date","Date","H$Date (10)$Month Short (55)","ID_TO_POS","0","0","0","56","56","NOSPLIT","32","0","SKIPPED",,,,
"ab2b7759-59d9-4189-8c4b-9009e8a80a7d","Model","Date","Date","Date","H$Date (10)$Month Short (55)","ID_TO_POS","1","0","0","16","16","NOSPLIT","32","0","SKIPPED",,,,
"ab2b7759-59d9-4189-8c4b-9009e8a80a7d","Model","Date","Date","Date","H$Date (10)$Month Year (56)","POS_TO_ID","0","0","0","480","480","NOSPLIT","32","0","SKIPPED",,,,
"ab2b7759-59d9-4189-8c4b-9009e8a80a7d","Model","Date","Date","Date","H$Date (10)$Month Year (56)","POS_TO_ID","1","0","0","16","16","NOSPLIT","32","0","SKIPPED",,,,
"ab2b7759-59d9-4189-8c4b-9009e8a80a7d","Model","Date","Date","Date","H$Date (10)$Month Year (56)","ID_TO_POS","0","0","0","480","480","NOSPLIT","32","0","SKIPPED",,,,
"ab2b7759-59d9-4189-8c4b-9009e8a80a7d","Model","Date","Date","Date","H$Date (10)$Month Year (56)","ID_TO_POS","1","0","0","16","16","NOSPLIT","32","0","SKIPPED",,,,
"ab2b7759-59d9-4189-8c4b-9009e8a80a7d","Model","Date","Date","Date","H$Date (10)$Month (54)","POS_TO_ID","0","0","0","56","56","NOSPLIT","32","0","SKIPPED",,,,
"ab2b7759-59d9-4189-8c4b-9009e8a80a7d","Model","Date","Date","Date","H$Date (10)$Month (54)","POS_TO_ID","1","0","0","16","16","NOSPLIT","32","0","SKIPPED",,,,
"ab2b7759-59d9-4189-8c4b-9009e8a80a7d","Model","Date","Date","Date","H$Date (10)$Month (54)","ID_TO_POS","0","0","0","56","56","NOSPLIT","32","0","SKIPPED",,,,
"ab2b7759-59d9-4189-8c4b-9009e8a80a7d","Model","Date","Date","Date","H$Date (10)$Month (54)","ID_TO_POS","1","0","0","16","16","NOSPLIT","32","0","SKIPPED",,,,
"ab2b7759-59d9-4189-8c4b-9009e8a80a7d","Model","Geography","Geography","Geography","H$Geography (28)$Geo Key (105)","POS_TO_ID","0","0","0","504","504","NOSPLIT","32","0","SKIPPED",,,,
"ab2b7759-59d9-4189-8c4b-9009e8a80a7d","Model","Geography","Geography","Geography","H$Geography (28)$Geo Key (105)","POS_TO_ID","1","0","0","16","16","NOSPLIT","32","0","SKIPPED",,,,
"ab2b7759-59d9-4189-8c4b-9009e8a80a7d","Model","Geography","Geography","Geography","H$Geography (28)$Geo Key (105)","ID_TO_POS","0","0","0","504","504","NOSPLIT","32","0","SKIPPED",,,,
"ab2b7759-59d9-4189-8c4b-9009e8a80a7d","Model","Geography","Geography","Geography","H$Geography (28)$Geo Key (105)","ID_TO_POS","1","0","0","16","16","NOSPLIT","32","0","SKIPPED",,,,
"ab2b7759-59d9-4189-8c4b-9009e8a80a7d","Model","Geography","Geography","Geography","H$Geography (28)$Location Type (107)","POS_TO_ID","0","0","0","24","24","NOSPLIT","32","0","SKIPPED",,,,
"ab2b7759-59d9-4189-8c4b-9009e8a80a7d","Model","Geography","Geography","Geography","H$Geography (28)$Location Type (107)","POS_TO_ID","1","0","0","16","16","NOSPLIT","32","0","SKIPPED",,,,
"ab2b7759-59d9-4189-8c4b-9009e8a80a7d","Model","Geography","Geography","Geography","H$Geography (28)$Location Type (107)","ID_TO_POS","0","0","0","24","24","NOSPLIT","32","0","SKIPPED",,,,
"ab2b7759-59d9-4189-8c4b-9009e8a80a7d","Model","Geography","Geography","Geography","H$Geography (28)$Location Type (107)","ID_TO_POS","1","0","0","16","16","NOSPLIT","32","0","SKIPPED",,,,
"ab2b7759-59d9-4189-8c4b-9009e8a80a7d","Model","Geography","Geography","Geography","H$Geography (28)$Country (109)","POS_TO_ID","0","0","0","304","304","NOSPLIT","32","0","SKIPPED",,,,
"ab2b7759-59d9-4189-8c4b-9009e8a80a7d","Model","Geography","Geography","Geography","H$Geography (28)$Country (109)","POS_TO_ID","1","0","0","16","16","NOSPLIT","32","0","SKIPPED",,,,
"ab2b7759-59d9-4189-8c4b-9009e8a80a7d","Model","Geography","Geography","Geography","H$Geography (28)$Country (109)","ID_TO_POS","0","0","0","304","304","NOSPLIT","32","0","SKIPPED",,,,
"ab2b7759-59d9-4189-8c4b-9009e8a80a7d","Model","Geography","Geography","Geography","H$Geography (28)$Country (109)","ID_TO_POS","1","0","0","16","16","NOSPLIT","32","0","SKIPPED",,,,
"ab2b7759-59d9-4189-8c4b-9009e8a80a7d","Model","Geography","Geography","Geography","H$Geography (28)$State Code (108)","POS_TO_ID","0","0","0","216","216","NOSPLIT","32","0","SKIPPED",,,,
"ab2b7759-59d9-4189-8c4b-9009e8a80a7d","Model","Geography","Geography","Geography","H$Geography (28)$State Code (108)","POS_TO_ID","1","0","0","16","16","NOSPLIT","32","0","SKIPPED",,,,
"ab2b7759-59d9-4189-8c4b-9009e8a80a7d","Model","Geography","Geography","Geography","H$Geography (28)$State Code (108)","ID_TO_POS","0","0","0","216","216","NOSPLIT","32","0","SKIPPED",,,,
"ab2b7759-59d9-4189-8c4b-9009e8a80a7d","Model","Geography","Geography","Geography","H$Geography (28)$State Code (108)","ID_TO_POS","1","0","0","16","16","NOSPLIT","32","0","SKIPPED",,,,
"ab2b7759-59d9-4189-8c4b-9009e8a80a7d","Model","Geography","Geography","Geography","H$Geography (28)$Location (106)","POS_TO_ID","0","0","0","504","504","NOSPLIT","32","0","SKIPPED",,,,
"ab2b7759-59d9-4189-8c4b-9009e8a80a7d","Model","Geography","Geography","Geography","H$Geography (28)$Location (106)","POS_TO_ID","1","0","0","16","16","NOSPLIT","32","0","SKIPPED",,,,
"ab2b7759-59d9-4189-8c4b-9009e8a80a7d","Model","Geography","Geography","Geography","H$Geography (28)$Location (106)","ID_TO_POS","0","0","0","504","504","NOSPLIT","32","0","SKIPPED",,,,
"ab2b7759-59d9-4189-8c4b-9009e8a80a7d","Model","Geography","Geography","Geography","H$Geography (28)$Location (106)","ID_TO_POS","1","0","0","16","16","NOSPLIT","32","0","SKIPPED",,,,
"ab2b7759-59d9-4189-8c4b-9009e8a80a7d","Model","Card","Card","Card","H$Card (16)$Card Type (84)","POS_TO_ID","0","0","0","16","16","NOSPLIT","32","0","SKIPPED",,,,
"ab2b7759-59d9-4189-8c4b-9009e8a80a7d","Model","Card","Card","Card","H$Card (16)$Card Type (84)","POS_TO_ID","1","0","0","16","16","NOSPLIT","32","0","SKIPPED",,,,
"ab2b7759-59d9-4189-8c4b-9009e8a80a7d","Model","Card","Card","Card","H$Card (16)$Card Type (84)","ID_TO_POS","0","0","0","16","16","NOSPLIT","32","0","SKIPPED",,,,
"ab2b7759-59d9-4189-8c4b-9009e8a80a7d","Model","Card","Card","Card","H$Card (16)$Card Type (84)","ID_TO_POS","1","0","0","16","16","NOSPLIT","32","0","SKIPPED",,,,
"ab2b7759-59d9-4189-8c4b-9009e8a80a7d","Model","Card","Card","Card","H$Card (16)$Card (81)","POS_TO_ID","0","0","0","2568","2568","NOSPLIT","32","0","SKIPPED",,,,
"ab2b7759-59d9-4189-8c4b-9009e8a80a7d","Model","Card","Card","Card","H$Card (16)$Card (81)","POS_TO_ID","1","0","0","16","16","NOSPLIT","32","0","SKIPPED",,,,
"ab2b7759-59d9-4189-8c4b-9009e8a80a7d","Model","Card","Card","Card","H$Card (16)$Card (81)","ID_TO_POS","0","0","0","2568","2568","NOSPLIT","32","0","SKIPPED",,,,
"ab2b7759-59d9-4189-8c4b-9009e8a80a7d","Model","Card","Card","Card","H$Card (16)$Card (81)","ID_TO_POS","1","0","0","16","16","NOSPLIT","32","0","SKIPPED",,,,
"ab2b7759-59d9-4189-8c4b-9009e8a80a7d","Model","Card","Card","Card","H$Card (16)$Card Brand (83)","POS_TO_ID","0","0","0","24","24","NOSPLIT","32","0","SKIPPED",,,,
"ab2b7759-59d9-4189-8c4b-9009e8a80a7d","Model","Card","Card","Card","H$Card (16)$Card Brand (83)","POS_TO_ID","1","0","0","16","16","NOSPLIT","32","0","SKIPPED",,,,
"ab2b7759-59d9-4189-8c4b-9009e8a80a7d","Model","Card","Card","Card","H$Card (16)$Card Brand (83)","ID_TO_POS","0","0","0","24","24","NOSPLIT","32","0","SKIPPED",,,,
"ab2b7759-59d9-4189-8c4b-9009e8a80a7d","Model","Card","Card","Card","H$Card (16)$Card Brand (83)","ID_TO_POS","1","0","0","16","16","NOSPLIT","32","0","SKIPPED",,,,
"ab2b7759-59d9-4189-8c4b-9009e8a80a7d","Model","Card","Card","Card","H$Card (16)$Account Opened Year (90)","POS_TO_ID","0","0","0","120","120","NOSPLIT","32","0","SKIPPED",,,,
"ab2b7759-59d9-4189-8c4b-9009e8a80a7d","Model","Card","Card","Card","H$Card (16)$Account Opened Year (90)","POS_TO_ID","1","0","0","16","16","NOSPLIT","32","0","SKIPPED",,,,
"ab2b7759-59d9-4189-8c4b-9009e8a80a7d","Model","Card","Card","Card","H$Card (16)$Account Opened Year (90)","ID_TO_POS","0","0","0","120","120","NOSPLIT","32","0","SKIPPED",,,,
"ab2b7759-59d9-4189-8c4b-9009e8a80a7d","Model","Card","Card","Card","H$Card (16)$Account Opened Year (90)","ID_TO_POS","1","0","0","16","16","NOSPLIT","32","0","SKIPPED",,,,
"ab2b7759-59d9-4189-8c4b-9009e8a80a7d","Model","Card","Card","Card","H$Card (16)$Credit Limit Band Sort (88)","POS_TO_ID","0","0","0","24","24","NOSPLIT","32","0","SKIPPED",,,,
"ab2b7759-59d9-4189-8c4b-9009e8a80a7d","Model","Card","Card","Card","H$Card (16)$Credit Limit Band Sort (88)","POS_TO_ID","1","0","0","16","16","NOSPLIT","32","0","SKIPPED",,,,
"ab2b7759-59d9-4189-8c4b-9009e8a80a7d","Model","Card","Card","Card","H$Card (16)$Credit Limit Band Sort (88)","ID_TO_POS","0","0","0","24","24","NOSPLIT","32","0","SKIPPED",,,,
"ab2b7759-59d9-4189-8c4b-9009e8a80a7d","Model","Card","Card","Card","H$Card (16)$Credit Limit Band Sort (88)","ID_TO_POS","1","0","0","16","16","NOSPLIT","32","0","SKIPPED",,,,
"ab2b7759-59d9-4189-8c4b-9009e8a80a7d","Model","Card","Card","Card","H$Card (16)$Cards Issued (91)","POS_TO_ID","0","0","0","16","16","NOSPLIT","32","0","SKIPPED",,,,
"ab2b7759-59d9-4189-8c4b-9009e8a80a7d","Model","Card","Card","Card","H$Card (16)$Cards Issued (91)","POS_TO_ID","1","0","0","16","16","NOSPLIT","32","0","SKIPPED",,,,
"ab2b7759-59d9-4189-8c4b-9009e8a80a7d","Model","Card","Card","Card","H$Card (16)$Cards Issued (91)","ID_TO_POS","0","0","0","16","16","NOSPLIT","32","0","SKIPPED",,,,
"ab2b7759-59d9-4189-8c4b-9009e8a80a7d","Model","Card","Card","Card","H$Card (16)$Cards Issued (91)","ID_TO_POS","1","0","0","16","16","NOSPLIT","32","0","SKIPPED",,,,
"ab2b7759-59d9-4189-8c4b-9009e8a80a7d","Model","Card","Card","Card","H$Card (16)$PIN Last Changed (92)","POS_TO_ID","0","0","0","80","80","NOSPLIT","32","0","SKIPPED",,,,
"ab2b7759-59d9-4189-8c4b-9009e8a80a7d","Model","Card","Card","Card","H$Card (16)$PIN Last Changed (92)","POS_TO_ID","1","0","0","16","16","NOSPLIT","32","0","SKIPPED",,,,
"ab2b7759-59d9-4189-8c4b-9009e8a80a7d","Model","Card","Card","Card","H$Card (16)$PIN Last Changed (92)","ID_TO_POS","0","0","0","80","80","NOSPLIT","32","0","SKIPPED",,,,
"ab2b7759-59d9-4189-8c4b-9009e8a80a7d","Model","Card","Card","Card","H$Card (16)$PIN Last Changed (92)","ID_TO_POS","1","0","0","16","16","NOSPLIT","32","0","SKIPPED",,,,
"ab2b7759-59d9-4189-8c4b-9009e8a80a7d","Model","Card","Card","Card","H$Card (16)$Account Opened (89)","POS_TO_ID","0","0","0","800","800","NOSPLIT","32","0","SKIPPED",,,,
"ab2b7759-59d9-4189-8c4b-9009e8a80a7d","Model","Card","Card","Card","H$Card (16)$Account Opened (89)","POS_TO_ID","1","0","0","16","16","NOSPLIT","32","0","SKIPPED",,,,
"ab2b7759-59d9-4189-8c4b-9009e8a80a7d","Model","Card","Card","Card","H$Card (16)$Credit Limit (86)","POS_TO_ID","0","0","0","2208","2208","NOSPLIT","32","0","SKIPPED",,,,
"ab2b7759-59d9-4189-8c4b-9009e8a80a7d","Model","Card","Card","Card","H$Card (16)$Credit Limit (86)","POS_TO_ID","1","0","0","16","16","NOSPLIT","32","0","SKIPPED",,,,
"ab2b7759-59d9-4189-8c4b-9009e8a80a7d","Model","Card","Card","Card","H$Card (16)$Client Key (82)","POS_TO_ID","0","0","0","648","648","NOSPLIT","32","0","SKIPPED",,,,
"ab2b7759-59d9-4189-8c4b-9009e8a80a7d","Model","Card","Card","Card","H$Card (16)$Client Key (82)","POS_TO_ID","1","0","0","16","16","NOSPLIT","32","0","SKIPPED",,,,
"ab2b7759-59d9-4189-8c4b-9009e8a80a7d","Model","Card","Card","Card","H$Card (16)$Chip (85)","POS_TO_ID","0","0","0","16","16","NOSPLIT","32","0","SKIPPED",,,,
"ab2b7759-59d9-4189-8c4b-9009e8a80a7d","Model","Card","Card","Card","H$Card (16)$Chip (85)","POS_TO_ID","1","0","0","16","16","NOSPLIT","32","0","SKIPPED",,,,
"ab2b7759-59d9-4189-8c4b-9009e8a80a7d","Model","Card","Card","Card","H$Card (16)$Chip (85)","POS_TO_ID","2","0","0","8","8","NOSPLIT","32","0","SKIPPED",,,,
"ab2b7759-59d9-4189-8c4b-9009e8a80a7d","Model","Card","Card","Card","H$Card (16)$Chip (85)","ID_TO_POS","0","0","0","16","16","NOSPLIT","32","0","SKIPPED",,,,
"ab2b7759-59d9-4189-8c4b-9009e8a80a7d","Model","Card","Card","Card","H$Card (16)$Chip (85)","ID_TO_POS","1","0","0","16","16","NOSPLIT","32","0","SKIPPED",,,,
"ab2b7759-59d9-4189-8c4b-9009e8a80a7d","Model","Card","Card","Card","H$Card (16)$Chip (85)","ID_TO_POS","2","0","0","8","8","NOSPLIT","32","0","SKIPPED",,,,
"ab2b7759-59d9-4189-8c4b-9009e8a80a7d","Model","Card","Card","Card","H$Card (16)$Credit Limit Band (87)","POS_TO_ID","0","0","0","24","24","NOSPLIT","32","0","SKIPPED",,,,
"ab2b7759-59d9-4189-8c4b-9009e8a80a7d","Model","Card","Card","Card","H$Card (16)$Credit Limit Band (87)","POS_TO_ID","1","0","0","16","16","NOSPLIT","32","0","SKIPPED",,,,
"ab2b7759-59d9-4189-8c4b-9009e8a80a7d","Model","Card","Card","Card","H$Card (16)$Credit Limit Band (87)","ID_TO_POS","0","0","0","24","24","NOSPLIT","32","0","SKIPPED",,,,
"ab2b7759-59d9-4189-8c4b-9009e8a80a7d","Model","Card","Card","Card","H$Card (16)$Credit Limit Band (87)","ID_TO_POS","1","0","0","16","16","NOSPLIT","32","0","SKIPPED",,,,
"ab2b7759-59d9-4189-8c4b-9009e8a80a7d","Model","Merchant Category","Merchant Category","Merchant Category","H$Merchant Category (19)$Merchant Category (94)","POS_TO_ID","0","0","0","440","440","NOSPLIT","32","0","SKIPPED",,,,
"ab2b7759-59d9-4189-8c4b-9009e8a80a7d","Model","Merchant Category","Merchant Category","Merchant Category","H$Merchant Category (19)$Merchant Category (94)","POS_TO_ID","1","0","0","16","16","NOSPLIT","32","0","SKIPPED",,,,
"ab2b7759-59d9-4189-8c4b-9009e8a80a7d","Model","Merchant Category","Merchant Category","Merchant Category","H$Merchant Category (19)$Merchant Category (94)","ID_TO_POS","0","0","0","440","440","NOSPLIT","32","0","SKIPPED",,,,
"ab2b7759-59d9-4189-8c4b-9009e8a80a7d","Model","Merchant Category","Merchant Category","Merchant Category","H$Merchant Category (19)$Merchant Category (94)","ID_TO_POS","1","0","0","16","16","NOSPLIT","32","0","SKIPPED",,,,
"ab2b7759-59d9-4189-8c4b-9009e8a80a7d","Model","Merchant Category","Merchant Category","Merchant Category","H$Merchant Category (19)$Category Group (95)","POS_TO_ID","0","0","0","56","56","NOSPLIT","32","0","SKIPPED",,,,
"ab2b7759-59d9-4189-8c4b-9009e8a80a7d","Model","Merchant Category","Merchant Category","Merchant Category","H$Merchant Category (19)$Category Group (95)","POS_TO_ID","1","0","0","16","16","NOSPLIT","32","0","SKIPPED",,,,
"ab2b7759-59d9-4189-8c4b-9009e8a80a7d","Model","Merchant Category","Merchant Category","Merchant Category","H$Merchant Category (19)$Category Group (95)","ID_TO_POS","0","0","0","56","56","NOSPLIT","32","0","SKIPPED",,,,
"ab2b7759-59d9-4189-8c4b-9009e8a80a7d","Model","Merchant Category","Merchant Category","Merchant Category","H$Merchant Category (19)$Category Group (95)","ID_TO_POS","1","0","0","16","16","NOSPLIT","32","0","SKIPPED",,,,
"ab2b7759-59d9-4189-8c4b-9009e8a80a7d","Model","Merchant Category","Merchant Category","Merchant Category","H$Merchant Category (19)$MCC (93)","POS_TO_ID","0","0","0","440","440","NOSPLIT","32","0","SKIPPED",,,,
"ab2b7759-59d9-4189-8c4b-9009e8a80a7d","Model","Merchant Category","Merchant Category","Merchant Category","H$Merchant Category (19)$MCC (93)","POS_TO_ID","1","0","0","16","16","NOSPLIT","32","0","SKIPPED",,,,
"ab2b7759-59d9-4189-8c4b-9009e8a80a7d","Model","Merchant Category","Merchant Category","Merchant Category","H$Merchant Category (19)$MCC (93)","ID_TO_POS","0","0","0","440","440","NOSPLIT","32","0","SKIPPED",,,,
"ab2b7759-59d9-4189-8c4b-9009e8a80a7d","Model","Merchant Category","Merchant Category","Merchant Category","H$Merchant Category (19)$MCC (93)","ID_TO_POS","1","0","0","16","16","NOSPLIT","32","0","SKIPPED",,,,
"ab2b7759-59d9-4189-8c4b-9009e8a80a7d","Model","Transactions","Transactions 2010","Transactions","H$Transactions (34)$Client Key (117)","POS_TO_ID","0","0","0","648","648","NOSPLIT","32","0","SKIPPED",,,,
"ab2b7759-59d9-4189-8c4b-9009e8a80a7d","Model","Transactions","Transactions 2010","Transactions","H$Transactions (34)$Client Key (117)","POS_TO_ID","1","0","0","16","16","NOSPLIT","32","0","SKIPPED",,,,
"ab2b7759-59d9-4189-8c4b-9009e8a80a7d","Model","Transactions","Transactions 2010","Transactions","H$Transactions (34)$Client Key (117)","ID_TO_POS","0","0","0","648","648","NOSPLIT","32","0","SKIPPED",,,,
"ab2b7759-59d9-4189-8c4b-9009e8a80a7d","Model","Transactions","Transactions 2010","Transactions","H$Transactions (34)$Client Key (117)","ID_TO_POS","1","0","0","16","16","NOSPLIT","32","0","SKIPPED",,,,
"ab2b7759-59d9-4189-8c4b-9009e8a80a7d","Model","Transactions","Transactions 2010","Transactions","H$Transactions (34)$Channel Key (120)","POS_TO_ID","0","0","0","16","16","NOSPLIT","32","0","SKIPPED",,,,
"ab2b7759-59d9-4189-8c4b-9009e8a80a7d","Model","Transactions","Transactions 2010","Transactions","H$Transactions (34)$Channel Key (120)","POS_TO_ID","1","0","0","16","16","NOSPLIT","32","0","SKIPPED",,,,
"ab2b7759-59d9-4189-8c4b-9009e8a80a7d","Model","Transactions","Transactions 2010","Transactions","H$Transactions (34)$Channel Key (120)","ID_TO_POS","0","0","0","16","16","NOSPLIT","32","0","SKIPPED",,,,
"ab2b7759-59d9-4189-8c4b-9009e8a80a7d","Model","Transactions","Transactions 2010","Transactions","H$Transactions (34)$Channel Key (120)","ID_TO_POS","1","0","0","16","16","NOSPLIT","32","0","SKIPPED",,,,
"ab2b7759-59d9-4189-8c4b-9009e8a80a7d","Model","Transactions","Transactions 2010","Transactions","H$Transactions (34)$MCC (119)","POS_TO_ID","0","0","0","440","440","NOSPLIT","32","0","SKIPPED",,,,
"ab2b7759-59d9-4189-8c4b-9009e8a80a7d","Model","Transactions","Transactions 2010","Transactions","H$Transactions (34)$MCC (119)","POS_TO_ID","1","0","0","16","16","NOSPLIT","32","0","SKIPPED",,,,
"ab2b7759-59d9-4189-8c4b-9009e8a80a7d","Model","Transactions","Transactions 2010","Transactions","H$Transactions (34)$MCC (119)","ID_TO_POS","0","0","0","440","440","NOSPLIT","32","0","SKIPPED",,,,
"ab2b7759-59d9-4189-8c4b-9009e8a80a7d","Model","Transactions","Transactions 2010","Transactions","H$Transactions (34)$MCC (119)","ID_TO_POS","1","0","0","16","16","NOSPLIT","32","0","SKIPPED",,,,
"ab2b7759-59d9-4189-8c4b-9009e8a80a7d","Model","Transactions","Transactions 2010","Transactions","H$Transactions (34)$Geo Key (122)","POS_TO_ID","0","0","0","504","504","NOSPLIT","32","0","SKIPPED",,,,
"ab2b7759-59d9-4189-8c4b-9009e8a80a7d","Model","Transactions","Transactions 2010","Transactions","H$Transactions (34)$Geo Key (122)","POS_TO_ID","1","0","0","16","16","NOSPLIT","32","0","SKIPPED",,,,
"ab2b7759-59d9-4189-8c4b-9009e8a80a7d","Model","Transactions","Transactions 2010","Transactions","H$Transactions (34)$Geo Key (122)","ID_TO_POS","0","0","0","504","504","NOSPLIT","32","0","SKIPPED",,,,
"ab2b7759-59d9-4189-8c4b-9009e8a80a7d","Model","Transactions","Transactions 2010","Transactions","H$Transactions (34)$Geo Key (122)","ID_TO_POS","1","0","0","16","16","NOSPLIT","32","0","SKIPPED",,,,
"ab2b7759-59d9-4189-8c4b-9009e8a80a7d","Model","Transactions","Transactions 2010","Transactions","H$Transactions (34)$Outcome Key (121)","POS_TO_ID","0","0","0","40","40","NOSPLIT","32","0","SKIPPED",,,,
"ab2b7759-59d9-4189-8c4b-9009e8a80a7d","Model","Transactions","Transactions 2010","Transactions","H$Transactions (34)$Outcome Key (121)","POS_TO_ID","1","0","0","16","16","NOSPLIT","32","0","SKIPPED",,,,
"ab2b7759-59d9-4189-8c4b-9009e8a80a7d","Model","Transactions","Transactions 2010","Transactions","H$Transactions (34)$Outcome Key (121)","ID_TO_POS","0","0","0","40","40","NOSPLIT","32","0","SKIPPED",,,,
"ab2b7759-59d9-4189-8c4b-9009e8a80a7d","Model","Transactions","Transactions 2010","Transactions","H$Transactions (34)$Outcome Key (121)","ID_TO_POS","1","0","0","16","16","NOSPLIT","32","0","SKIPPED",,,,
"ab2b7759-59d9-4189-8c4b-9009e8a80a7d","Model","Transactions","Transactions 2010","Transactions","H$Transactions (34)$Date (115)","POS_TO_ID","0","0","0","14368","14368","NOSPLIT","32","0","SKIPPED",,,,
"ab2b7759-59d9-4189-8c4b-9009e8a80a7d","Model","Transactions","Transactions 2010","Transactions","H$Transactions (34)$Date (115)","POS_TO_ID","1","0","0","16","16","NOSPLIT","32","0","SKIPPED",,,,
"ab2b7759-59d9-4189-8c4b-9009e8a80a7d","Model","Transactions","Transactions 2010","Transactions","H$Transactions (34)$Date (115)","ID_TO_POS","0","0","0","14368","14368","NOSPLIT","32","0","SKIPPED",,,,
"ab2b7759-59d9-4189-8c4b-9009e8a80a7d","Model","Transactions","Transactions 2010","Transactions","H$Transactions (34)$Date (115)","ID_TO_POS","1","0","0","16","16","NOSPLIT","32","0","SKIPPED",,,,
"ab2b7759-59d9-4189-8c4b-9009e8a80a7d","Model","Transactions","Transactions 2010","Transactions","H$Transactions (34)$Amount (124)","POS_TO_ID","0","0","0","161496","161496","NOSPLIT","32","0","SKIPPED",,,,
"ab2b7759-59d9-4189-8c4b-9009e8a80a7d","Model","Transactions","Transactions 2010","Transactions","H$Transactions (34)$Amount (124)","POS_TO_ID","1","0","0","16","16","NOSPLIT","32","0","SKIPPED",,,,
"ab2b7759-59d9-4189-8c4b-9009e8a80a7d","Model","Transactions","Transactions 2010","Transactions","H$Transactions (34)$Fraud Key (123)","POS_TO_ID","0","0","0","16","16","NOSPLIT","32","0","SKIPPED",,,,
"ab2b7759-59d9-4189-8c4b-9009e8a80a7d","Model","Transactions","Transactions 2010","Transactions","H$Transactions (34)$Fraud Key (123)","POS_TO_ID","1","0","0","16","16","NOSPLIT","32","0","SKIPPED",,,,
"ab2b7759-59d9-4189-8c4b-9009e8a80a7d","Model","Transactions","Transactions 2010","Transactions","H$Transactions (34)$Fraud Key (123)","ID_TO_POS","0","0","0","16","16","NOSPLIT","32","0","SKIPPED",,,,
"ab2b7759-59d9-4189-8c4b-9009e8a80a7d","Model","Transactions","Transactions 2010","Transactions","H$Transactions (34)$Fraud Key (123)","ID_TO_POS","1","0","0","16","16","NOSPLIT","32","0","SKIPPED",,,,
"ab2b7759-59d9-4189-8c4b-9009e8a80a7d","Model","Transactions","Transactions 2010","Transactions","H$Transactions (34)$Hour (116)","POS_TO_ID","0","0","0","104","104","NOSPLIT","32","0","SKIPPED",,,,
"ab2b7759-59d9-4189-8c4b-9009e8a80a7d","Model","Transactions","Transactions 2010","Transactions","H$Transactions (34)$Hour (116)","POS_TO_ID","1","0","0","16","16","NOSPLIT","32","0","SKIPPED",,,,
"ab2b7759-59d9-4189-8c4b-9009e8a80a7d","Model","Transactions","Transactions 2010","Transactions","H$Transactions (34)$Hour (116)","ID_TO_POS","0","0","0","104","104","NOSPLIT","32","0","SKIPPED",,,,
"ab2b7759-59d9-4189-8c4b-9009e8a80a7d","Model","Transactions","Transactions 2010","Transactions","H$Transactions (34)$Hour (116)","ID_TO_POS","1","0","0","16","16","NOSPLIT","32","0","SKIPPED",,,,
"ab2b7759-59d9-4189-8c4b-9009e8a80a7d","Model","Transactions","Transactions 2010","Transactions","H$Transactions (34)$Card Key (118)","POS_TO_ID","0","0","0","2304","2304","NOSPLIT","32","0","SKIPPED",,,,
"ab2b7759-59d9-4189-8c4b-9009e8a80a7d","Model","Transactions","Transactions 2010","Transactions","H$Transactions (34)$Card Key (118)","POS_TO_ID","1","0","0","16","16","NOSPLIT","32","0","SKIPPED",,,,
"ab2b7759-59d9-4189-8c4b-9009e8a80a7d","Model","Transactions","Transactions 2010","Transactions","H$Transactions (34)$Card Key (118)","ID_TO_POS","0","0","0","2304","2304","NOSPLIT","32","0","SKIPPED",,,,
"ab2b7759-59d9-4189-8c4b-9009e8a80a7d","Model","Transactions","Transactions 2010","Transactions","H$Transactions (34)$Card Key (118)","ID_TO_POS","1","0","0","16","16","NOSPLIT","32","0","SKIPPED",,,,
