CardKey,ClientID,CardBrand,CardType,HasChip,CreditLimit,CreditLimitBand,CreditLimitBandSort,AccountOpened,AccountOpenedYear,CardsIssued,PinLastChanged
3,1937,Visa,Credit,Chip,16400.0,$10k-$25k,2,1995-01-01,1995,2,2015
37,840,Mastercard,Debit,Chip,5269.0,$1k-$10k,1,2003-01-01,2003,2,2016
48,1695,Amex,Credit,Chip,4100.0,$1k-$10k,1,2004-01-01,2004,2,2004
50,994,Mastercard,Credit,Chip,6000.0,$1k-$10k,1,2004-01-01,2004,2,2010
58,241,Mastercard,Debit,Chip,12861.0,$10k-$25k,2,2004-01-01,2004,2,2008
67,1296,Mastercard,Credit,Chip,15500.0,$10k-$25k,2,2005-01-01,2005,2,2014
69,826,Mastercard,Credit,Chip,13900.0,$10k-$25k,2,2005-01-01,2005,1,2012
78,1514,Mastercard,Debit,Chip,1846.0,$1k-$10k,1,2005-01-01,2005,1,2005
80,1296,Visa,Debit (Prepaid),Chip,13.0,Under $1k,0,2005-01-01,2005,1,2008
92,1130,Amex,Credit,Chip,13500.0,$10k-$25k,2,2006-01-01,2006,1,2010
96,81,Mastercard,Credit,No chip,0.0,Under $1k,0,2006-01-01,2006,2,2012
110,103,Visa,Debit,Chip,20549.0,$10k-$25k,2,2006-01-01,2006,2,2007
114,1695,Visa,Debit,Chip,2851.0,$1k-$10k,1,2006-01-01,2006,3,2007
123,280,Amex,Credit,Chip,13600.0,$10k-$25k,2,2007-01-01,2007,1,2009
149,303,Amex,Credit,No chip,14500.0,$10k-$25k,2,2008-01-01,2008,1,2011
152,140,Mastercard,Debit,Chip,13441.0,$10k-$25k,2,2008-01-01,2008,1,2011
154,1009,Mastercard,Credit,Chip,8500.0,$1k-$10k,1,2008-01-01,2008,1,2009
156,1300,Mastercard,Credit,Chip,4900.0,$1k-$10k,1,2008-01-01,2008,1,2011
159,154,Mastercard,Debit,Chip,12557.0,$10k-$25k,2,2008-01-01,2008,2,2013
165,1807,Mastercard,Debit (Prepaid),Chip,89.0,Under $1k,0,2008-01-01,2008,1,2015
170,1370,Mastercard,Debit,Chip,10471.0,$10k-$25k,2,2008-01-01,2008,2,2010
172,1284,Mastercard,Debit,Chip,9789.0,$1k-$10k,1,2008-01-01,2008,2,2009
174,217,Visa,Debit,Chip,22746.0,$10k-$25k,2,2008-01-01,2008,2,2010
178,1666,Visa,Debit,Chip,17405.0,$10k-$25k,2,2008-01-01,2008,1,2012
187,1535,Visa,Debit,Chip,17231.0,$10k-$25k,2,2008-01-01,2008,1,2008
190,1995,Amex,Credit,No chip,9700.0,$1k-$10k,1,2009-01-01,2009,2,2009
191,1091,Amex,Credit,No chip,17800.0,$10k-$25k,2,2009-01-01,2009,2,2009
195,1133,Mastercard,Debit (Prepaid),Chip,69.0,Under $1k,0,2009-01-01,2009,2,2013
199,658,Mastercard,Debit,Chip,22742.0,$10k-$25k,2,2009-01-01,2009,2,2009
204,738,Mastercard,Debit,Chip,21997.0,$10k-$25k,2,2009-01-01,2009,1,2011
207,217,Visa,Credit,Chip,8200.0,$1k-$10k,1,2009-01-01,2009,2,2011
215,801,Visa,Credit,Chip,8600.0,$1k-$10k,1,2009-01-01,2009,1,2010
217,895,Visa,Credit,Chip,10300.0,$10k-$25k,2,2009-01-01,2009,1,2013
226,729,Mastercard,Debit,Chip,23039.0,$10k-$25k,2,2010-01-01,2010,2,2010
258,209,Visa,Credit,Chip,8700.0,$1k-$10k,1,2010-01-01,2010,2,2010
265,37,Discover,Credit,Chip,0.0,Under $1k,0,2011-01-01,2011,1,2011
270,103,Mastercard,Debit,Chip,15023.0,$10k-$25k,2,2011-01-01,2011,1,2011
274,1695,Mastercard,Debit,Chip,20838.0,$10k-$25k,2,2011-01-01,2011,2,2011
277,1730,Mastercard,Debit,Chip,25429.0,$25k-$50k,3,2011-01-01,2011,1,2011
284,636,Visa,Debit,Chip,12057.0,$10k-$25k,2,2011-01-01,2011,1,2018
286,764,Visa,Debit,Chip,16109.0,$10k-$25k,2,2011-01-01,2011,1,2011
298,729,Mastercard,Debit,Chip,17795.0,$10k-$25k,2,2012-01-01,2012,1,2012
307,80,Visa,Credit,Chip,2800.0,$1k-$10k,1,2012-01-01,2012,2,2012
311,826,Mastercard,Debit,Chip,23403.0,$10k-$25k,2,2013-01-01,2013,1,2013
313,1652,Mastercard,Debit,Chip,26678.0,$25k-$50k,3,2013-01-01,2013,1,2013
317,391,Mastercard,Debit,Chip,23152.0,$10k-$25k,2,2013-01-01,2013,1,2013
320,706,Visa,Credit,Chip,12500.0,$10k-$25k,2,2013-01-01,2013,2,2013
336,534,Visa,Debit,Chip,32659.0,$25k-$50k,3,2014-01-01,2014,2,2014
355,1221,Mastercard,Debit,Chip,14892.0,$10k-$25k,2,2016-01-01,2016,1,2016
357,1730,Mastercard,Debit,Chip,16925.0,$10k-$25k,2,2016-01-01,2016,1,2016
370,1809,Mastercard,Debit (Prepaid),Chip,94.0,Under $1k,0,2018-01-01,2018,1,2018
372,944,Mastercard,Debit,Chip,72274.0,$50k+,4,2018-01-01,2018,2,2018
376,20,Visa,Credit,Chip,13000.0,$10k-$25k,2,2018-01-01,2018,1,2018
379,119,Mastercard,Debit,No chip,20819.0,$10k-$25k,2,2019-01-01,2019,2,2019
387,811,Amex,Credit,Chip,24400.0,$10k-$25k,2,2020-01-01,2020,1,2020
392,1133,Amex,Credit,Chip,13500.0,$10k-$25k,2,2020-01-01,2020,2,2020
405,1125,Amex,Credit,Chip,23100.0,$10k-$25k,2,2020-01-01,2020,1,2020
444,811,Mastercard,Debit,Chip,53549.0,$50k+,4,2020-01-01,2020,2,2020
474,963,Mastercard,Debit,Chip,21106.0,$10k-$25k,2,2020-01-01,2020,1,2020
555,716,Mastercard,Debit,Chip,7139.0,$1k-$10k,1,2020-01-01,2020,2,2020
556,716,Mastercard,Debit,Chip,10199.0,$10k-$25k,2,2020-01-01,2020,1,2020
565,955,Mastercard,Debit,Chip,20576.0,$10k-$25k,2,2020-01-01,2020,1,2020
597,1652,Mastercard,Debit (Prepaid),Chip,78.0,Under $1k,0,2020-01-01,2020,1,2020
599,1830,Mastercard,Debit (Prepaid),Chip,58.0,Under $1k,0,2020-01-01,2020,1,2020
616,1125,Mastercard,Debit,Chip,41040.0,$25k-$50k,3,2020-01-01,2020,1,2020
643,1763,Mastercard,Debit,Chip,12068.0,$10k-$25k,2,2020-01-01,2020,2,2020
659,37,Mastercard,Debit,Chip,20587.0,$10k-$25k,2,2020-01-01,2020,1,2020
699,618,Mastercard,Debit (Prepaid),No chip,71.0,Under $1k,0,2020-01-01,2020,2,2020
710,928,Mastercard,Credit,Chip,8000.0,$1k-$10k,1,2020-01-01,2020,1,2020
721,897,Mastercard,Credit,Chip,10200.0,$10k-$25k,2,2020-01-01,2020,2,2020
788,1353,Visa,Debit,Chip,17652.0,$10k-$25k,2,2020-01-01,2020,1,2020
811,716,Visa,Credit,Chip,7000.0,$1k-$10k,1,2020-01-01,2020,1,2020
829,1666,Visa,Credit,Chip,5800.0,$1k-$10k,1,2020-01-01,2020,2,2020
836,743,Visa,Debit,Chip,20582.0,$10k-$25k,2,2020-01-01,2020,1,2020
857,1260,Visa,Credit,Chip,11000.0,$10k-$25k,2,2020-01-01,2020,1,2020
885,434,Visa,Debit,Chip,21916.0,$10k-$25k,2,2020-01-01,2020,2,2020
886,434,Visa,Debit,Chip,25579.0,$25k-$50k,3,2020-01-01,2020,1,2020
958,746,Amex,Credit,Chip,6800.0,$1k-$10k,1,1996-02-01,1996,1,2009
966,1353,Mastercard,Debit,Chip,12076.0,$10k-$25k,2,1999-02-01,1999,1,2012
967,103,Mastercard,Debit,Chip,1738.0,$1k-$10k,1,1999-02-01,1999,1,2007
971,811,Visa,Credit,No chip,24900.0,$10k-$25k,2,1999-02-01,1999,1,2010
977,1568,Mastercard,Debit,Chip,14418.0,$10k-$25k,2,2000-02-01,2000,2,2005
983,1026,Visa,Debit (Prepaid),Chip,31.0,Under $1k,0,2000-02-01,2000,2,2014
984,303,Visa,Credit,Chip,14800.0,$10k-$25k,2,2000-02-01,2000,1,2012
991,1262,Mastercard,Debit,Chip,4747.0,$1k-$10k,1,2001-02-01,2001,2,2012
993,1666,Visa,Debit,Chip,9418.0,$1k-$10k,1,2001-02-01,2001,1,2012
1010,658,Amex,Credit,Chip,19300.0,$10k-$25k,2,2003-02-01,2003,1,2013
1015,1425,Mastercard,Debit (Prepaid),Chip,37.0,Under $1k,0,2003-02-01,2003,2,2016
1021,1076,Mastercard,Debit,Chip,16144.0,$10k-$25k,2,2003-02-01,2003,1,2011
1026,743,Visa,Debit,Chip,9998.0,$1k-$10k,1,2003-02-01,2003,1,2010
1046,142,Visa,Debit,Chip,2284.0,$1k-$10k,1,2004-02-01,2004,2,2017
1057,1777,Mastercard,Credit,Chip,14300.0,$10k-$25k,2,2005-02-01,2005,1,2010
1062,280,Visa,Credit,Chip,12000.0,$10k-$25k,2,2005-02-01,2005,2,2013
1069,1411,Visa,Credit,Chip,18200.0,$10k-$25k,2,2005-02-01,2005,1,2014
1073,1247,Visa,Debit,Chip,30822.0,$25k-$50k,3,2005-02-01,2005,1,2015
1087,32,Mastercard,Debit,Chip,2352.0,$1k-$10k,1,2006-02-01,2006,2,2012
1089,791,Mastercard,Debit,Chip,19097.0,$10k-$25k,2,2006-02-01,2006,1,2011
1095,1604,Visa,Debit,Chip,20858.0,$10k-$25k,2,2006-02-01,2006,2,2011
1107,996,Mastercard,Credit,Chip,4200.0,$1k-$10k,1,2007-02-01,2007,2,2011
1116,895,Mastercard,Debit (Prepaid),Chip,49.0,Under $1k,0,2007-02-01,2007,2,2017
1122,1586,Visa,Credit,Chip,20700.0,$10k-$25k,2,2007-02-01,2007,2,2007
1141,1425,Mastercard,Credit,Chip,8000.0,$1k-$10k,1,2008-02-01,2008,1,2010
1146,432,Mastercard,Debit,No chip,17515.0,$10k-$25k,2,2008-02-01,2008,3,2010
1155,1742,Visa,Credit,Chip,14700.0,$10k-$25k,2,2008-02-01,2008,1,2010
1175,377,Mastercard,Debit,Chip,30403.0,$25k-$50k,3,2009-02-01,2009,1,2014
1183,37,Mastercard,Debit,Chip,16315.0,$10k-$25k,2,2009-02-01,2009,1,2010
1186,1937,Mastercard,Debit,No chip,17883.0,$10k-$25k,2,2009-02-01,2009,1,2017
1187,1648,Mastercard,Debit,No chip,64565.0,$50k+,4,2009-02-01,2009,2,2019
1196,1995,Visa,Debit,Chip,11268.0,$10k-$25k,2,2009-02-01,2009,2,2013
1197,652,Visa,Debit,Chip,2045.0,$1k-$10k,1,2009-02-01,2009,2,2014
1203,928,Amex,Credit,Chip,8700.0,$1k-$10k,1,2010-02-01,2010,1,2010
1207,1777,Discover,Credit,Chip,24400.0,$10k-$25k,2,2010-02-01,2010,2,2011
1222,1166,Mastercard,Credit,Chip,14100.0,$10k-$25k,2,2010-02-01,2010,2,2010
1228,20,Mastercard,Debit,Chip,7702.0,$1k-$10k,1,2010-02-01,2010,1,2010
1230,37,Mastercard,Debit,Chip,10608.0,$10k-$25k,2,2010-02-01,2010,1,2010
1255,652,Visa,Debit,Chip,21607.0,$10k-$25k,2,2010-02-01,2010,2,2018
1265,948,Amex,Credit,Chip,6200.0,$1k-$10k,1,2011-02-01,2011,2,2011
1266,217,Mastercard,Credit,Chip,6500.0,$1k-$10k,1,2011-02-01,2011,1,2014
1267,217,Mastercard,Debit,Chip,2650.0,$1k-$10k,1,2011-02-01,2011,2,2013
1270,743,Mastercard,Debit,Chip,11664.0,$10k-$25k,2,2011-02-01,2011,1,2011
1271,0,Mastercard,Debit,Chip,31490.0,$25k-$50k,3,2011-02-01,2011,2,2011
1272,1830,Mastercard,Debit,Chip,12782.0,$10k-$25k,2,2011-02-01,2011,1,2011
1279,996,Visa,Debit,No chip,27231.0,$25k-$50k,3,2011-02-01,2011,1,2011
1291,20,Visa,Debit,Chip,16465.0,$10k-$25k,2,2011-02-01,2011,1,2011
1322,819,Mastercard,Debit,Chip,11818.0,$10k-$25k,2,2013-02-01,2013,1,2013
1325,948,Mastercard,Debit,Chip,13035.0,$10k-$25k,2,2013-02-01,2013,1,2013
1337,1300,Mastercard,Debit,Chip,10691.0,$10k-$25k,2,2014-02-01,2014,1,2014
1338,1809,Mastercard,Debit,Chip,27308.0,$25k-$50k,3,2014-02-01,2014,1,2014
1353,963,Mastercard,Credit,Chip,6500.0,$1k-$10k,1,2015-02-01,2015,1,2015
1364,217,Mastercard,Debit,Chip,9737.0,$1k-$10k,1,2016-02-01,2016,1,2016
1365,1586,Mastercard,Debit,Chip,17587.0,$10k-$25k,2,2016-02-01,2016,2,2016
1366,955,Mastercard,Debit,Chip,12887.0,$10k-$25k,2,2016-02-01,2016,2,2016
1381,764,Mastercard,Debit,Chip,20467.0,$10k-$25k,2,2018-02-01,2018,1,2018
1384,1091,Visa,Debit,Chip,29685.0,$25k-$50k,3,2018-02-01,2018,1,2018
1468,1219,Mastercard,Debit,Chip,22697.0,$10k-$25k,2,2020-02-01,2020,1,2020
1469,1493,Mastercard,Credit,Chip,13000.0,$10k-$25k,2,2020-02-01,2020,1,2020
1500,963,Mastercard,Debit,Chip,16417.0,$10k-$25k,2,2020-02-01,2020,1,2020
1536,1353,Mastercard,Debit (Prepaid),Chip,101.0,Under $1k,0,2020-02-01,2020,2,2020
1556,1253,Mastercard,Debit,Chip,24442.0,$10k-$25k,2,2020-02-01,2020,1,2020
1580,1471,Mastercard,Credit,Chip,5900.0,$1k-$10k,1,2020-02-01,2020,1,2020
1622,0,Mastercard,Debit,Chip,31008.0,$25k-$50k,3,2020-02-01,2020,2,2020
1623,0,Mastercard,Debit,Chip,25558.0,$25k-$50k,3,2020-02-01,2020,2,2020
1646,1260,Mastercard,Credit,Chip,10100.0,$10k-$25k,2,2020-02-01,2020,1,2020
1774,1493,Visa,Debit,Chip,22701.0,$10k-$25k,2,2020-02-01,2020,2,2020
1782,1799,Visa,Debit,Chip,62081.0,$50k+,4,2020-02-01,2020,2,2020
1802,1613,Visa,Debit,Chip,15747.0,$10k-$25k,2,2020-02-01,2020,2,2020
1812,1353,Visa,Debit,Chip,13635.0,$10k-$25k,2,2020-02-01,2020,1,2020
1825,1253,Visa,Credit,No chip,10600.0,$10k-$25k,2,2020-02-01,2020,1,2020
1863,955,Visa,Credit,Chip,1100.0,$1k-$10k,1,2020-02-01,2020,2,2020
1910,764,Visa,Credit,Chip,4400.0,$1k-$10k,1,2020-02-01,2020,1,2020
1920,727,Visa,Credit,Chip,6700.0,$1k-$10k,1,2020-02-01,2020,2,2020
1921,944,Visa,Debit,Chip,52717.0,$50k+,4,2020-02-01,2020,1,2020
1927,402,Visa,Debit,No chip,20709.0,$10k-$25k,2,2020-02-01,2020,1,2020
1989,738,Visa,Debit,Chip,42253.0,$25k-$50k,3,2020-02-01,2020,1,2020
2003,1774,Discover,Credit,Chip,8400.0,$1k-$10k,1,1997-03-01,1997,1,2013
2006,1259,Visa,Debit,Chip,78790.0,$50k+,4,1997-03-01,1997,1,2011
2010,582,Mastercard,Debit,Chip,9044.0,$1k-$10k,1,1999-03-01,1999,1,2013
2045,1259,Mastercard,Debit,Chip,98334.0,$50k+,4,2003-03-01,2003,1,2007
2058,1719,Mastercard,Debit,Chip,24775.0,$10k-$25k,2,2004-03-01,2004,2,2010
2063,216,Mastercard,Debit,Chip,18729.0,$10k-$25k,2,2004-03-01,2004,1,2011
2065,1247,Mastercard,Debit,No chip,13095.0,$10k-$25k,2,2004-03-01,2004,2,2018
2079,811,Mastercard,Debit,Chip,30971.0,$25k-$50k,3,2005-03-01,2005,2,2020
2083,840,Mastercard,Debit,Chip,43169.0,$25k-$50k,3,2005-03-01,2005,1,2012
2114,1809,Mastercard,Debit,Chip,10683.0,$10k-$25k,2,2006-03-01,2006,1,2009
2128,595,Visa,Debit,Chip,12009.0,$10k-$25k,2,2006-03-01,2006,1,2009
2129,1917,Visa,Debit,Chip,20428.0,$10k-$25k,2,2006-03-01,2006,2,2009
2166,1648,Visa,Debit,Chip,97352.0,$50k+,4,2007-03-01,2007,2,2019
2188,1604,Mastercard,Debit,Chip,13016.0,$10k-$25k,2,2008-03-01,2008,2,2008
2189,1330,Mastercard,Debit,Chip,32557.0,$25k-$50k,3,2008-03-01,2008,2,2008
2207,1604,Visa,Debit,Chip,10360.0,$10k-$25k,2,2008-03-01,2008,1,2009
2217,729,Mastercard,Credit,Chip,9000.0,$1k-$10k,1,2009-03-01,2009,2,2011
2238,1725,Visa,Debit,Chip,12325.0,$10k-$25k,2,2009-03-01,2009,1,2009
2240,162,Visa,Credit,Chip,15400.0,$10k-$25k,2,2009-03-01,2009,2,2012
2241,1859,Visa,Credit,Chip,18600.0,$10k-$25k,2,2009-03-01,2009,1,2013
2248,1253,Mastercard,Debit,No chip,29637.0,$25k-$50k,3,2010-03-01,2010,1,2010
2262,1523,Visa,Credit,Chip,9600.0,$1k-$10k,1,2010-03-01,2010,1,2011
2267,1777,Visa,Credit,Chip,12700.0,$10k-$25k,2,2010-03-01,2010,1,2020
2270,738,Visa,Credit,Chip,19300.0,$10k-$25k,2,2010-03-01,2010,2,2010
2276,1646,Mastercard,Debit,Chip,11153.0,$10k-$25k,2,2011-03-01,2011,1,2011
2282,618,Mastercard,Debit,Chip,11591.0,$10k-$25k,2,2011-03-01,2011,1,2011
2295,791,Amex,Credit,Chip,7900.0,$1k-$10k,1,2012-03-01,2012,2,2012
2297,1586,Mastercard,Credit,Chip,5700.0,$1k-$10k,1,2012-03-01,2012,1,2012
2302,944,Mastercard,Debit,Chip,66930.0,$50k+,4,2012-03-01,2012,2,2012
2309,1219,Mastercard,Credit,Chip,18000.0,$10k-$25k,2,2013-03-01,2013,1,2013
2318,811,Visa,Debit,Chip,33375.0,$25k-$50k,3,2013-03-01,2013,1,2013
2319,746,Visa,Credit,Chip,9800.0,$1k-$10k,1,2013-03-01,2013,2,2013
2358,1076,Mastercard,Credit,Chip,7500.0,$1k-$10k,1,2016-03-01,2016,2,2016
2406,1332,Visa,Debit,Chip,21749.0,$10k-$25k,2,1999-04-01,1999,1,2008
2415,1030,Amex,Credit,Chip,16500.0,$10k-$25k,2,2001-04-01,2001,1,2016
2416,840,Mastercard,Debit,Chip,48370.0,$25k-$50k,3,2001-04-01,2001,2,2011
2419,1859,Mastercard,Debit (Prepaid),Chip,65.0,Under $1k,0,2001-04-01,2001,1,2014
2429,1595,Mastercard,Debit,Chip,17749.0,$10k-$25k,2,2002-04-01,2002,1,2011
2432,1262,Mastercard,Debit,Chip,3955.0,$1k-$10k,1,2002-04-01,2002,1,2013
2433,465,Mastercard,Debit,Chip,16047.0,$10k-$25k,2,2002-04-01,2002,2,2011
2439,1995,Amex,Credit,Chip,4000.0,$1k-$10k,1,2003-04-01,2003,2,2011
2446,1130,Mastercard,Debit,Chip,15847.0,$10k-$25k,2,2003-04-01,2003,1,2010
2472,1595,Visa,Credit,Chip,12700.0,$10k-$25k,2,2004-04-01,2004,1,2011
2478,1266,Mastercard,Debit,Chip,15119.0,$10k-$25k,2,2005-04-01,2005,2,2011
2481,1997,Mastercard,Debit,No chip,31829.0,$25k-$50k,3,2005-04-01,2005,2,2020
2485,1169,Mastercard,Credit,Chip,21200.0,$10k-$25k,2,2005-04-01,2005,1,2012
2502,652,Amex,Credit,Chip,16500.0,$10k-$25k,2,2006-04-01,2006,2,2016
2504,1022,Mastercard,Credit,Chip,10300.0,$10k-$25k,2,2006-04-01,2006,1,2009
2532,597,Mastercard,Debit,Chip,46070.0,$25k-$50k,3,2007-04-01,2007,2,2008
2533,1666,Mastercard,Credit,Chip,12700.0,$10k-$25k,2,2007-04-01,2007,1,2015
2534,1169,Mastercard,Credit,Chip,22000.0,$10k-$25k,2,2007-04-01,2007,1,2013
2535,1384,Mastercard,Debit,Chip,19206.0,$10k-$25k,2,2007-04-01,2007,1,2011
2536,402,Mastercard,Debit,Chip,20230.0,$10k-$25k,2,2007-04-01,2007,2,2010
2541,921,Mastercard,Debit,Chip,33980.0,$25k-$50k,3,2007-04-01,2007,1,2010
2547,1073,Visa,Debit,Chip,25977.0,$25k-$50k,3,2007-04-01,2007,1,2009
2561,1253,Mastercard,Debit,Chip,28390.0,$25k-$50k,3,2008-04-01,2008,2,2008
2586,1133,Visa,Debit,Chip,21442.0,$10k-$25k,2,2008-04-01,2008,2,2015
2600,1425,Mastercard,Debit (Prepaid),Chip,49.0,Under $1k,0,2009-04-01,2009,2,2009
2601,1300,Mastercard,Debit (Prepaid),Chip,75.0,Under $1k,0,2009-04-01,2009,1,2009
2624,1648,Visa,Debit,No chip,5921.0,$1k-$10k,1,2009-04-01,2009,2,2010
2638,662,Mastercard,Debit,Chip,28747.0,$25k-$50k,3,2010-04-01,2010,2,2010
2645,432,Mastercard,Debit,Chip,11625.0,$10k-$25k,2,2010-04-01,2010,2,2012
2646,432,Mastercard,Credit,Chip,5800.0,$1k-$10k,1,2010-04-01,2010,2,2011
2651,209,Mastercard,Credit,Chip,8900.0,$1k-$10k,1,2010-04-01,2010,1,2010
2653,1983,Mastercard,Debit,Chip,47211.0,$25k-$50k,3,2010-04-01,2010,1,2010
2665,727,Visa,Credit,Chip,9700.0,$1k-$10k,1,2010-04-01,2010,2,2016
2666,164,Visa,Credit,Chip,5100.0,$1k-$10k,1,2010-04-01,2010,1,2011
2688,1652,Visa,Debit,Chip,15652.0,$10k-$25k,2,2011-04-01,2011,2,2011
2689,80,Visa,Debit,Chip,13569.0,$10k-$25k,2,2011-04-01,2011,1,2011
2691,217,Mastercard,Debit,No chip,16538.0,$10k-$25k,2,2012-04-01,2012,1,2012
2698,402,Mastercard,Debit,Chip,14749.0,$10k-$25k,2,2012-04-01,2012,2,2012
2702,855,Mastercard,Debit,Chip,13841.0,$10k-$25k,2,2012-04-01,2012,2,2012
2703,1859,Mastercard,Debit,Chip,15976.0,$10k-$25k,2,2012-04-01,2012,1,2012
2716,561,Mastercard,Debit (Prepaid),Chip,69.0,Under $1k,0,2013-04-01,2013,1,2013
2718,921,Mastercard,Debit,No chip,21466.0,$10k-$25k,2,2013-04-01,2013,1,2013
2749,241,Mastercard,Debit,Chip,11143.0,$10k-$25k,2,2015-04-01,2015,1,2015
2771,928,Mastercard,Debit,Chip,10882.0,$10k-$25k,2,2017-04-01,2017,1,2017
2800,456,Visa,Credit,Chip,5800.0,$1k-$10k,1,1998-05-01,1998,1,2009
2814,1725,Mastercard,Debit (Prepaid),Chip,15.0,Under $1k,0,2001-05-01,2001,2,2009
2823,1807,Amex,Credit,Chip,13200.0,$10k-$25k,2,2002-05-01,2002,2,2014
2826,280,Mastercard,Debit,Chip,14592.0,$10k-$25k,2,2002-05-01,2002,2,2018
2828,944,Mastercard,Debit,Chip,130971.0,$50k+,4,2002-05-01,2002,2,2010
2837,1807,Amex,Credit,Chip,3900.0,$1k-$10k,1,2003-05-01,2003,2,2008
2851,1425,Discover,Credit,Chip,2900.0,$1k-$10k,1,2004-05-01,2004,2,2011
2870,1026,Visa,Debit (Prepaid),Chip,77.0,Under $1k,0,2004-05-01,2004,2,2007
2889,994,Visa,Debit,Chip,12778.0,$10k-$25k,2,2005-05-01,2005,1,2010
2891,1026,Visa,Credit,No chip,6200.0,$1k-$10k,1,2005-05-01,2005,1,2013
2894,679,Amex,Credit,Chip,9900.0,$1k-$10k,1,2006-05-01,2006,1,2007
2897,81,Mastercard,Debit (Prepaid),Chip,48.0,Under $1k,0,2006-05-01,2006,2,2014
2898,1184,Mastercard,Debit,Chip,39751.0,$25k-$50k,3,2006-05-01,2006,1,2007
2907,1983,Mastercard,Credit,Chip,51900.0,$50k+,4,2006-05-01,2006,1,2009
2936,1030,Mastercard,Credit,Chip,12600.0,$10k-$25k,2,2007-05-01,2007,2,2011
2950,1604,Visa,Credit,Chip,8800.0,$1k-$10k,1,2007-05-01,2007,2,2009
2959,280,Mastercard,Credit,No chip,5600.0,$1k-$10k,1,2008-05-01,2008,2,2011
2962,81,Mastercard,Debit,Chip,1778.0,$1k-$10k,1,2008-05-01,2008,2,2011
2968,816,Mastercard,Debit,Chip,13343.0,$10k-$25k,2,2008-05-01,2008,2,2011
2978,1487,Visa,Debit,Chip,31589.0,$25k-$50k,3,2008-05-01,2008,1,2008
3000,1568,Mastercard,Debit,Chip,9120.0,$1k-$10k,1,2009-05-01,2009,2,2013
3003,377,Mastercard,Debit,Chip,2536.0,$1k-$10k,1,2009-05-01,2009,2,2009
3005,432,Mastercard,Debit,Chip,10049.0,$10k-$25k,2,2009-05-01,2009,2,2009
3027,1076,Visa,Credit,Chip,7600.0,$1k-$10k,1,2009-05-01,2009,2,2013
3041,140,Mastercard,Debit,Chip,19110.0,$10k-$25k,2,2010-05-01,2010,1,2011
3043,746,Mastercard,Debit (Prepaid),Chip,93.0,Under $1k,0,2010-05-01,2010,1,2010
3049,595,Mastercard,Debit,Chip,18035.0,$10k-$25k,2,2010-05-01,2010,1,2010
3052,1719,Mastercard,Debit,Chip,16034.0,$10k-$25k,2,2010-05-01,2010,2,2010
3060,1695,Mastercard,Credit,Chip,12700.0,$10k-$25k,2,2010-05-01,2010,2,2015
3076,1799,Visa,Debit,No chip,28127.0,$25k-$50k,3,2010-05-01,2010,2,2010
3080,1969,Visa,Debit,Chip,3016.0,$1k-$10k,1,2010-05-01,2010,1,2011
3083,948,Visa,Credit,Chip,8300.0,$1k-$10k,1,2010-05-01,2010,2,2010
3085,604,Amex,Credit,Chip,16000.0,$10k-$25k,2,2011-05-01,2011,1,2011
3087,1296,Discover,Credit,Chip,19800.0,$10k-$25k,2,2011-05-01,2011,1,2011
3092,662,Mastercard,Debit (Prepaid),Chip,110.0,Under $1k,0,2011-05-01,2011,2,2011
3094,1471,Mastercard,Credit,Chip,7900.0,$1k-$10k,1,2011-05-01,2011,1,2011
3105,776,Visa,Debit,Chip,25020.0,$25k-$50k,3,2011-05-01,2011,2,2011
3112,826,Amex,Credit,Chip,19400.0,$10k-$25k,2,2012-05-01,2012,1,2012
3135,921,Mastercard,Debit,Chip,41714.0,$25k-$50k,3,2013-05-01,2013,1,2013
3152,928,Mastercard,Debit,Chip,19624.0,$10k-$25k,2,2014-05-01,2014,1,2014
3156,1353,Visa,Debit,Chip,22566.0,$10k-$25k,2,2014-05-01,2014,1,2014
3185,1604,Visa,Debit,Chip,13754.0,$10k-$25k,2,2016-05-01,2016,1,2016
3194,801,Mastercard,Debit,Chip,15042.0,$10k-$25k,2,2017-05-01,2017,2,2017
3203,1302,Mastercard,Debit,No chip,8993.0,$1k-$10k,1,2019-05-01,2019,1,2019
3208,996,Mastercard,Credit,Chip,12900.0,$10k-$25k,2,1999-06-01,1999,1,2011
3210,164,Mastercard,Debit,Chip,14103.0,$10k-$25k,2,1999-06-01,1999,1,2008
3218,209,Mastercard,Credit,No chip,2500.0,$1k-$10k,1,2000-06-01,2000,2,2011
3235,515,Mastercard,Debit,Chip,15800.0,$10k-$25k,2,2002-06-01,2002,2,2012
3240,110,Visa,Debit,No chip,32223.0,$25k-$50k,3,2002-06-01,2002,1,2005
3243,994,Visa,Debit,Chip,8874.0,$1k-$10k,1,2002-06-01,2002,2,2012
3245,819,Visa,Credit,Chip,8400.0,$1k-$10k,1,2002-06-01,2002,1,2010
3250,750,Mastercard,Debit,Chip,11749.0,$10k-$25k,2,2003-06-01,2003,2,2015
3252,908,Mastercard,Debit,Chip,3630.0,$1k-$10k,1,2003-06-01,2003,1,2009
3261,801,Visa,Debit,Chip,9551.0,$1k-$10k,1,2003-06-01,2003,2,2009
3271,437,Mastercard,Debit,Chip,27687.0,$25k-$50k,3,2004-06-01,2004,2,2007
3277,996,Visa,Debit,Chip,16167.0,$10k-$25k,2,2004-06-01,2004,2,2009
3285,699,Amex,Credit,Chip,9500.0,$1k-$10k,1,2005-06-01,2005,1,2005
3289,1259,Mastercard,Debit,Chip,141391.0,$50k+,4,2005-06-01,2005,2,2005
3296,1725,Mastercard,Debit,Chip,30950.0,$25k-$50k,3,2005-06-01,2005,2,2020
3310,996,Mastercard,Debit,Chip,18861.0,$10k-$25k,2,2006-06-01,2006,2,2011
3324,1262,Mastercard,Debit,Chip,15702.0,$10k-$25k,2,2006-06-01,2006,1,2007
3325,1514,Mastercard,Credit,Chip,10900.0,$10k-$25k,2,2006-06-01,2006,2,2012
3327,1937,Mastercard,Debit,Chip,12212.0,$10k-$25k,2,2006-06-01,2006,2,2006
3334,1091,Visa,Debit,Chip,21744.0,$10k-$25k,2,2006-06-01,2006,1,2011
3343,1997,Mastercard,Debit,Chip,17257.0,$10k-$25k,2,2007-06-01,2007,2,2007
3365,1369,Visa,Credit,Chip,9000.0,$1k-$10k,1,2007-06-01,2007,2,2009
3366,801,Visa,Credit,Chip,7100.0,$1k-$10k,1,2007-06-01,2007,2,2007
3370,1247,Visa,Debit,Chip,16764.0,$10k-$25k,2,2007-06-01,2007,2,2007
3376,948,Discover,Credit,Chip,7900.0,$1k-$10k,1,2008-06-01,2008,1,2013
3389,1169,Mastercard,Debit,Chip,3095.0,$1k-$10k,1,2008-06-01,2008,2,2012
3399,1983,Mastercard,Credit,Chip,17700.0,$10k-$25k,2,2008-06-01,2008,1,2009
3404,216,Visa,Debit (Prepaid),Chip,86.0,Under $1k,0,2008-06-01,2008,1,2010
3411,618,Visa,Debit,Chip,12496.0,$10k-$25k,2,2008-06-01,2008,1,2010
3414,597,Amex,Credit,Chip,27500.0,$25k-$50k,3,2009-06-01,2009,1,2009
3420,636,Mastercard,Debit,Chip,8882.0,$1k-$10k,1,2009-06-01,2009,2,2015
3422,1259,Mastercard,Debit (Prepaid),Chip,62.0,Under $1k,0,2009-06-01,2009,1,2009
3434,604,Mastercard,Debit,Chip,33158.0,$25k-$50k,3,2009-06-01,2009,2,2013
3457,921,Visa,Debit,Chip,35073.0,$25k-$50k,3,2009-06-01,2009,1,2009
3461,1535,Visa,Credit,Chip,9200.0,$1k-$10k,1,2009-06-01,2009,2,2009
3463,434,Amex,Credit,Chip,15500.0,$10k-$25k,2,2010-06-01,2010,2,2012
3464,1370,Amex,Credit,Chip,25100.0,$25k-$50k,3,2010-06-01,2010,2,2010
3466,1219,Mastercard,Debit,Chip,32903.0,$25k-$50k,3,2010-06-01,2010,1,2010
3475,32,Mastercard,Debit,No chip,11121.0,$10k-$25k,2,2010-06-01,2010,2,2013
3476,1503,Mastercard,Debit,Chip,15552.0,$10k-$25k,2,2010-06-01,2010,2,2014
3477,849,Mastercard,Debit,Chip,14889.0,$10k-$25k,2,2010-06-01,2010,1,2011
3483,895,Mastercard,Debit,No chip,12100.0,$10k-$25k,2,2010-06-01,2010,2,2015
3488,391,Mastercard,Debit,Chip,11812.0,$10k-$25k,2,2010-06-01,2010,1,2010
3489,1493,Visa,Credit,Chip,14400.0,$10k-$25k,2,2010-06-01,2010,1,2012
3492,746,Visa,Credit,Chip,6700.0,$1k-$10k,1,2010-06-01,2010,2,2011
3500,944,Visa,Credit,No chip,25500.0,$25k-$50k,3,2010-06-01,2010,1,2012
3507,1091,Visa,Credit,No chip,12700.0,$10k-$25k,2,2010-06-01,2010,1,2013
3525,1725,Mastercard,Debit,Chip,14056.0,$10k-$25k,2,2011-06-01,2011,1,2011
3537,921,Visa,Debit,Chip,24069.0,$10k-$25k,2,2011-06-01,2011,1,2011
3547,564,Mastercard,Debit,Chip,14179.0,$10k-$25k,2,2012-06-01,2012,2,2012
3569,162,Mastercard,Credit,Chip,16700.0,$10k-$25k,2,2013-06-01,2013,1,2013
3572,928,Visa,Debit,Chip,19454.0,$10k-$25k,2,2013-06-01,2013,1,2013
3601,1125,Visa,Debit,Chip,29200.0,$25k-$50k,3,2015-06-01,2015,2,2015
3608,113,Mastercard,Credit,Chip,14200.0,$10k-$25k,2,2016-06-01,2016,2,2016
3616,391,Visa,Debit,Chip,12483.0,$10k-$25k,2,2016-06-01,2016,2,2016
3633,840,Visa,Credit,Chip,17100.0,$10k-$25k,2,2018-06-01,2018,2,2018
3634,582,Visa,Credit,No chip,12500.0,$10k-$25k,2,2018-06-01,2018,2,2018
3645,534,Visa,Debit,Chip,22330.0,$10k-$25k,2,2019-06-01,2019,2,2019
3665,1296,Mastercard,Debit,Chip,4317.0,$1k-$10k,1,2001-07-01,2001,2,2011
3670,855,Visa,Debit,Chip,15975.0,$10k-$25k,2,2001-07-01,2001,1,2011
3705,113,Visa,Debit,Chip,18818.0,$10k-$25k,2,2003-07-01,2003,1,2008
3708,1296,Mastercard,Debit,Chip,22660.0,$10k-$25k,2,2004-07-01,2004,2,2007
3723,1384,Visa,Debit,Chip,24617.0,$10k-$25k,2,2004-07-01,2004,2,2006
3725,1353,Amex,Credit,Chip,12800.0,$10k-$25k,2,2005-07-01,2005,1,2014
3727,764,Amex,Credit,Chip,13900.0,$10k-$25k,2,2005-07-01,2005,1,2012
3734,994,Mastercard,Debit,Chip,9219.0,$1k-$10k,1,2005-07-01,2005,1,2008
3741,679,Mastercard,Debit,Chip,2290.0,$1k-$10k,1,2005-07-01,2005,2,2011
3748,164,Visa,Debit,Chip,21847.0,$10k-$25k,2,2005-07-01,2005,2,2011
3758,668,Mastercard,Debit,No chip,10538.0,$10k-$25k,2,2006-07-01,2006,2,2006
3764,561,Mastercard,Debit,Chip,26960.0,$25k-$50k,3,2006-07-01,2006,1,2010
3772,1503,Mastercard,Debit,Chip,24049.0,$10k-$25k,2,2006-07-01,2006,2,2013
3774,816,Mastercard,Debit,Chip,6103.0,$1k-$10k,1,2006-07-01,2006,2,2008
3778,1411,Mastercard,Debit,Chip,3450.0,$1k-$10k,1,2006-07-01,2006,2,2014
3795,209,Visa,Debit,Chip,10681.0,$10k-$25k,2,2006-07-01,2006,2,2013
3803,771,Mastercard,Debit (Prepaid),Chip,61.0,Under $1k,0,2007-07-01,2007,2,2016
3808,727,Mastercard,Debit,Chip,12451.0,$10k-$25k,2,2007-07-01,2007,1,2008
3823,849,Visa,Debit,Chip,19080.0,$10k-$25k,2,2007-07-01,2007,1,2010
3828,1030,Visa,Debit,Chip,4269.0,$1k-$10k,1,2007-07-01,2007,2,2009
3829,80,Visa,Credit,Chip,10700.0,$10k-$25k,2,2007-07-01,2007,1,2008
3835,1425,Discover,Credit,Chip,10400.0,$10k-$25k,2,2008-07-01,2008,1,2014
3840,1879,Mastercard,Debit,Chip,4976.0,$1k-$10k,1,2008-07-01,2008,1,2008
3841,1253,Mastercard,Debit,Chip,27208.0,$25k-$50k,3,2008-07-01,2008,1,2008
3850,32,Mastercard,Credit,Chip,11600.0,$10k-$25k,2,2008-07-01,2008,1,2012
3857,20,Mastercard,Debit,Chip,15771.0,$10k-$25k,2,2008-07-01,2008,1,2016
3858,1076,Mastercard,Debit,Chip,14514.0,$10k-$25k,2,2008-07-01,2008,1,2008
3864,1543,Visa,Credit,Chip,29800.0,$25k-$50k,3,2008-07-01,2008,1,2011
3866,1809,Visa,Credit,Chip,17900.0,$10k-$25k,2,2008-07-01,2008,1,2008
3875,699,Visa,Debit,Chip,8960.0,$1k-$10k,1,2008-07-01,2008,2,2014
3882,1975,Mastercard,Debit,Chip,18491.0,$10k-$25k,2,2009-07-01,2009,1,2011
3891,816,Mastercard,Debit,Chip,2646.0,$1k-$10k,1,2009-07-01,2009,1,2015
3895,20,Mastercard,Debit,Chip,14961.0,$10k-$25k,2,2009-07-01,2009,2,2015
3898,1918,Mastercard,Debit,Chip,18627.0,$10k-$25k,2,2009-07-01,2009,2,2015
3904,994,Visa,Debit,Chip,4322.0,$1k-$10k,1,2009-07-01,2009,2,2013
3905,729,Visa,Credit,Chip,5700.0,$1k-$10k,1,2009-07-01,2009,2,2011
3906,377,Visa,Credit,Chip,16400.0,$10k-$25k,2,2009-07-01,2009,2,2009
3908,791,Visa,Debit,No chip,31424.0,$25k-$50k,3,2009-07-01,2009,2,2010
3917,80,Visa,Credit,Chip,14500.0,$10k-$25k,2,2009-07-01,2009,2,2009
3918,876,Visa,Debit,Chip,6489.0,$1k-$10k,1,2009-07-01,2009,1,2013
3921,241,Visa,Credit,No chip,6900.0,$1k-$10k,1,2009-07-01,2009,1,2012
3930,103,Mastercard,Debit,Chip,17667.0,$10k-$25k,2,2010-07-01,2010,2,2011
3932,1184,Mastercard,Debit,Chip,29828.0,$25k-$50k,3,2010-07-01,2010,1,2011
3940,1088,Mastercard,Credit,Chip,10700.0,$10k-$25k,2,2010-07-01,2010,1,2011
3965,716,Discover,Credit,Chip,5200.0,$1k-$10k,1,2011-07-01,2011,2,2011
3972,1302,Mastercard,Debit (Prepaid),Chip,13.0,Under $1k,0,2011-07-01,2011,2,2014
3984,515,Visa,Debit,Chip,27053.0,$25k-$50k,3,2011-07-01,2011,2,2011
3986,534,Visa,Debit,Chip,24424.0,$10k-$25k,2,2011-07-01,2011,1,2011
3991,1499,Amex,Credit,Chip,23700.0,$10k-$25k,2,2012-07-01,2012,2,2012
4003,1493,Visa,Credit,Chip,4400.0,$1k-$10k,1,2012-07-01,2012,1,2012
4004,1130,Visa,Credit,Chip,11400.0,$10k-$25k,2,2012-07-01,2012,2,2012
4006,1425,Mastercard,Debit (Prepaid),Chip,100.0,Under $1k,0,2013-07-01,2013,2,2013
4008,994,Mastercard,Debit,Chip,12917.0,$10k-$25k,2,2013-07-01,2013,1,2013
4024,729,Mastercard,Debit,No chip,14626.0,$10k-$25k,2,2014-07-01,2014,1,2014
4026,1809,Visa,Credit,Chip,14600.0,$10k-$25k,2,2014-07-01,2014,1,2014
4045,1646,Mastercard,Debit,No chip,12470.0,$10k-$25k,2,2016-07-01,2016,1,2016
4051,489,Visa,Credit,Chip,14700.0,$10k-$25k,2,2016-07-01,2016,1,2016
4061,1523,Visa,Debit,Chip,13438.0,$10k-$25k,2,2017-07-01,2017,1,2017
4083,1830,Mastercard,Credit,Chip,10600.0,$10k-$25k,2,1994-08-01,1994,1,2011
4097,668,Mastercard,Debit,Chip,6853.0,$1k-$10k,1,2001-08-01,2001,2,2006
4103,110,Visa,Debit,Chip,576.0,Under $1k,0,2001-08-01,2001,2,2011
4117,597,Mastercard,Credit,Chip,30400.0,$25k-$50k,3,2003-08-01,2003,1,2011
4123,1807,Visa,Debit,Chip,38154.0,$25k-$50k,3,2003-08-01,2003,1,2011
4150,140,Mastercard,Debit,Chip,24608.0,$10k-$25k,2,2005-08-01,2005,1,2009
4179,1169,Mastercard,Debit,Chip,43879.0,$25k-$50k,3,2006-08-01,2006,2,2015
4180,1995,Mastercard,Debit,Chip,5997.0,$1k-$10k,1,2006-08-01,2006,2,2012
4193,1937,Visa,Debit (Prepaid),Chip,53.0,Under $1k,0,2006-08-01,2006,2,2012
4194,303,Amex,Credit,Chip,20000.0,$10k-$25k,2,2007-08-01,2007,1,2020
4200,1353,Mastercard,Debit,Chip,17860.0,$10k-$25k,2,2007-08-01,2007,1,2010
4202,1184,Mastercard,Debit,Chip,21743.0,$10k-$25k,2,2007-08-01,2007,2,2007
4230,908,Visa,Debit,Chip,20173.0,$10k-$25k,2,2007-08-01,2007,1,2012
4231,1969,Visa,Debit,No chip,28759.0,$25k-$50k,3,2007-08-01,2007,2,2014
4233,489,Visa,Credit,Chip,8800.0,$1k-$10k,1,2007-08-01,2007,1,2012
4266,162,Mastercard,Debit,Chip,39591.0,$25k-$50k,3,2008-08-01,2008,1,2011
4274,1503,Visa,Debit,Chip,5133.0,$1k-$10k,1,2008-08-01,2008,1,2008
4280,604,Visa,Debit (Prepaid),Chip,29.0,Under $1k,0,2008-08-01,2008,2,2014
4283,699,Visa,Debit,Chip,20887.0,$10k-$25k,2,2008-08-01,2008,1,2008
4284,706,Amex,Credit,Chip,13700.0,$10k-$25k,2,2009-08-01,2009,1,2013
4293,652,Mastercard,Debit,Chip,19962.0,$10k-$25k,2,2009-08-01,2009,1,2012
4295,727,Mastercard,Debit,Chip,19086.0,$10k-$25k,2,2009-08-01,2009,1,2011
4297,1763,Mastercard,Debit,No chip,30096.0,$25k-$50k,3,2009-08-01,2009,1,2009
4301,432,Visa,Debit,Chip,842.0,Under $1k,0,2009-08-01,2009,2,2009
4318,668,Mastercard,Credit,Chip,0.0,Under $1k,0,2010-08-01,2010,1,2010
4328,652,Mastercard,Debit,Chip,16203.0,$10k-$25k,2,2010-08-01,2010,1,2010
4334,1514,Mastercard,Credit,No chip,0.0,Under $1k,0,2010-08-01,2010,1,2010
4335,928,Mastercard,Credit,Chip,7300.0,$1k-$10k,1,2010-08-01,2010,1,2013
4336,1975,Visa,Credit,Chip,9800.0,$1k-$10k,1,2010-08-01,2010,1,2014
4340,154,Visa,Debit,Chip,4660.0,$1k-$10k,1,2010-08-01,2010,2,2013
4343,658,Visa,Credit,Chip,5800.0,$1k-$10k,1,2010-08-01,2010,1,2010
4358,811,Mastercard,Debit,Chip,35750.0,$25k-$50k,3,2011-08-01,2011,1,2011
4361,636,Mastercard,Debit,Chip,1218.0,$1k-$10k,1,2011-08-01,2011,1,2012
4367,216,Mastercard,Debit (Prepaid),No chip,80.0,Under $1k,0,2011-08-01,2011,1,2011
4369,604,Mastercard,Debit,No chip,30713.0,$25k-$50k,3,2011-08-01,2011,2,2016
4372,618,Mastercard,Debit,Chip,8633.0,$1k-$10k,1,2011-08-01,2011,1,2011
4412,241,Mastercard,Debit,Chip,18654.0,$10k-$25k,2,2013-08-01,2013,1,2013
4414,1742,Visa,Debit,Chip,24123.0,$10k-$25k,2,2013-08-01,2013,1,2013
4423,1022,Discover,Credit,Chip,6800.0,$1k-$10k,1,2014-08-01,2014,1,2014
4424,819,Discover,Credit,Chip,9900.0,$1k-$10k,1,2014-08-01,2014,2,2014
4425,1543,Mastercard,Debit,Chip,47709.0,$25k-$50k,3,2014-08-01,2014,2,2014
4428,1652,Mastercard,Debit,Chip,14253.0,$10k-$25k,2,2014-08-01,2014,1,2014
4436,1073,Visa,Debit (Prepaid),Chip,84.0,Under $1k,0,2014-08-01,2014,1,2014
4458,897,Mastercard,Debit,No chip,13460.0,$10k-$25k,2,2016-08-01,2016,1,2016
4468,816,Amex,Credit,Chip,9200.0,$1k-$10k,1,2018-08-01,2018,1,2018
4473,1543,Visa,Debit,Chip,39389.0,$25k-$50k,3,2018-08-01,2018,2,2018
4486,1763,Visa,Debit,Chip,12220.0,$10k-$25k,2,1993-09-01,1993,1,2011
4492,80,Visa,Debit,Chip,1703.0,$1k-$10k,1,1997-09-01,1997,2,2009
4506,241,Mastercard,Debit,Chip,11219.0,$10k-$25k,2,2000-09-01,2000,1,2010
4516,1774,Visa,Debit,Chip,14546.0,$10k-$25k,2,2001-09-01,2001,1,2008
4521,1523,Mastercard,Debit,Chip,12348.0,$10k-$25k,2,2002-09-01,2002,1,2008
4525,81,Visa,Credit,No chip,10600.0,$10k-$25k,2,2002-09-01,2002,1,2013
4526,113,Visa,Debit,Chip,17510.0,$10k-$25k,2,2002-09-01,2002,1,2008
4528,928,Visa,Debit,Chip,14540.0,$10k-$25k,2,2002-09-01,2002,1,2002
4538,1613,Visa,Debit (Prepaid),Chip,109.0,Under $1k,0,2003-09-01,2003,2,2009
4540,597,Visa,Debit,Chip,76343.0,$50k+,4,2003-09-01,2003,2,2014
4549,1613,Mastercard,Debit,Chip,5796.0,$1k-$10k,1,2004-09-01,2004,1,2011
4550,750,Mastercard,Debit (Prepaid),Chip,77.0,Under $1k,0,2004-09-01,2004,1,2011
4557,1777,Mastercard,Debit,Chip,32895.0,$25k-$50k,3,2004-09-01,2004,2,2005
4559,1742,Visa,Debit,Chip,11737.0,$10k-$25k,2,2004-09-01,2004,1,2009
4561,1221,Visa,Credit,Chip,8500.0,$1k-$10k,1,2004-09-01,2004,1,2011
4574,1088,Amex,Credit,Chip,7300.0,$1k-$10k,1,2005-09-01,2005,2,2010
4575,561,Mastercard,Credit,Chip,9100.0,$1k-$10k,1,2005-09-01,2005,1,2015
4576,456,Mastercard,Debit,Chip,12594.0,$10k-$25k,2,2005-09-01,2005,2,2014
4579,1330,Mastercard,Debit,Chip,14448.0,$10k-$25k,2,2005-09-01,2005,2,2011
4586,113,Visa,Debit,Chip,20509.0,$10k-$25k,2,2005-09-01,2005,1,2007
4595,1799,Mastercard,Debit (Prepaid),Chip,28.0,Under $1k,0,2006-09-01,2006,1,2006
4602,377,Mastercard,Debit,No chip,32636.0,$25k-$50k,3,2006-09-01,2006,1,2016
4607,652,Mastercard,Debit (Prepaid),Chip,52.0,Under $1k,0,2006-09-01,2006,2,2011
4619,222,Visa,Debit,Chip,62855.0,$50k+,4,2006-09-01,2006,2,2006
4636,222,Mastercard,Debit,Chip,46621.0,$25k-$50k,3,2007-09-01,2007,1,2010
4639,0,Mastercard,Credit,Chip,17600.0,$10k-$25k,2,2007-09-01,2007,1,2014
4646,921,Mastercard,Debit,Chip,17731.0,$10k-$25k,2,2007-09-01,2007,2,2011
4647,855,Mastercard,Debit (Prepaid),Chip,106.0,Under $1k,0,2007-09-01,2007,1,2010
4661,996,Mastercard,Debit,Chip,18820.0,$10k-$25k,2,2008-09-01,2008,2,2015
4666,595,Mastercard,Debit,Chip,14408.0,$10k-$25k,2,2008-09-01,2008,2,2008
4667,595,Mastercard,Debit,Chip,16786.0,$10k-$25k,2,2008-09-01,2008,2,2008
4668,81,Mastercard,Credit,Chip,13300.0,$10k-$25k,2,2008-09-01,2008,2,2008
4669,377,Mastercard,Debit,Chip,2536.0,$1k-$10k,1,2008-09-01,2008,2,2008
4675,921,Mastercard,Debit,Chip,30547.0,$25k-$50k,3,2008-09-01,2008,1,2008
4676,209,Mastercard,Debit,Chip,2507.0,$1k-$10k,1,2008-09-01,2008,2,2010
4677,1030,Mastercard,Debit,Chip,19152.0,$10k-$25k,2,2008-09-01,2008,1,2009
4678,465,Mastercard,Credit,Chip,5800.0,$1k-$10k,1,2008-09-01,2008,2,2008
4679,1514,Mastercard,Debit (Prepaid),Chip,76.0,Under $1k,0,2008-09-01,2008,1,2015
4687,1543,Visa,Debit,Chip,54128.0,$50k+,4,2008-09-01,2008,2,2011
4693,1221,Visa,Credit,No chip,7400.0,$1k-$10k,1,2008-09-01,2008,2,2011
4698,727,Visa,Credit,Chip,10700.0,$10k-$25k,2,2008-09-01,2008,2,2010
4700,1411,Visa,Debit,Chip,3450.0,$1k-$10k,1,2008-09-01,2008,1,2016
4709,1009,Mastercard,Debit,Chip,19928.0,$10k-$25k,2,2009-09-01,2009,2,2011
4715,716,Mastercard,Credit,Chip,9800.0,$1k-$10k,1,2009-09-01,2009,1,2009
4742,1646,Visa,Credit,Chip,9000.0,$1k-$10k,1,2009-09-01,2009,2,2011
4756,110,Amex,Credit,Chip,16000.0,$10k-$25k,2,2010-09-01,2010,1,2016
4774,1221,Mastercard,Credit,Chip,8500.0,$1k-$10k,1,2010-09-01,2010,1,2011
4778,1169,Mastercard,Debit,Chip,27761.0,$25k-$50k,3,2010-09-01,2010,1,2010
4783,303,Mastercard,Debit,Chip,25900.0,$25k-$50k,3,2010-09-01,2010,1,2010
4795,636,Visa,Debit,Chip,3915.0,$1k-$10k,1,2010-09-01,2010,1,2010
4807,1997,Mastercard,Debit,Chip,25048.0,$25k-$50k,3,2011-09-01,2011,1,2011
4817,488,Mastercard,Debit,Chip,12759.0,$10k-$25k,2,2011-09-01,2011,1,2011
4821,222,Visa,Debit,Chip,46521.0,$25k-$50k,3,2011-09-01,2011,1,2012
4824,303,Visa,Credit,Chip,15600.0,$10k-$25k,2,2011-09-01,2011,2,2011
4868,1937,Visa,Credit,Chip,5500.0,$1k-$10k,1,2013-09-01,2013,2,2013
4878,1166,Visa,Debit,Chip,14574.0,$10k-$25k,2,2014-09-01,2014,1,2014
4880,1332,Visa,Debit,Chip,39491.0,$25k-$50k,3,2014-09-01,2014,1,2014
4881,1125,Amex,Credit,Chip,13200.0,$10k-$25k,2,2015-09-01,2015,2,2015
4897,1184,Mastercard,Debit,Chip,21120.0,$10k-$25k,2,2016-09-01,2016,2,2016
4921,391,Amex,Credit,Chip,6200.0,$1k-$10k,1,2019-09-01,2019,1,2019
4934,1969,Mastercard,Debit,Chip,16519.0,$10k-$25k,2,1998-10-01,1998,2,2015
4936,391,Mastercard,Debit (Prepaid),Chip,81.0,Under $1k,0,1998-10-01,1998,2,2010
4942,1719,Mastercard,Debit,Chip,1976.0,$1k-$10k,1,2000-10-01,2000,2,2008
4946,1487,Visa,Credit,Chip,24200.0,$10k-$25k,2,2000-10-01,2000,2,2013
4952,47,Mastercard,Debit,Chip,3891.0,$1k-$10k,1,2001-10-01,2001,2,2016
4957,1370,Mastercard,Debit,Chip,12610.0,$10k-$25k,2,2001-10-01,2001,2,2007
4968,1917,Mastercard,Debit (Prepaid),Chip,66.0,Under $1k,0,2002-10-01,2002,1,2011
4981,1969,Discover,Credit,Chip,12300.0,$10k-$25k,2,2003-10-01,2003,1,2010
4986,771,Mastercard,Debit,Chip,17536.0,$10k-$25k,2,2003-10-01,2003,2,2010
4991,1859,Mastercard,Debit,Chip,34560.0,$25k-$50k,3,2003-10-01,2003,1,2011
4992,840,Visa,Debit (Prepaid),Chip,65.0,Under $1k,0,2003-10-01,2003,1,2009
4995,20,Visa,Debit,Chip,19791.0,$10k-$25k,2,2003-10-01,2003,1,2014
4998,1725,Visa,Debit,Chip,4723.0,$1k-$10k,1,2003-10-01,2003,1,2011
4999,1725,Visa,Debit,Chip,28166.0,$25k-$50k,3,2003-10-01,2003,2,2015
5005,771,Mastercard,Debit,Chip,5857.0,$1k-$10k,1,2004-10-01,2004,2,2007
5011,20,Mastercard,Credit,Chip,9000.0,$1k-$10k,1,2004-10-01,2004,2,2011
5013,1733,Mastercard,Debit,Chip,898.0,Under $1k,0,2004-10-01,2004,2,2007
5014,1777,Mastercard,Debit (Prepaid),Chip,61.0,Under $1k,0,2004-10-01,2004,1,2012
5015,668,Visa,Debit,Chip,8253.0,$1k-$10k,1,2004-10-01,2004,2,2011
5018,1859,Visa,Debit,Chip,15374.0,$10k-$25k,2,2004-10-01,2004,1,2016
5022,597,Mastercard,Credit,No chip,14900.0,$10k-$25k,2,2005-10-01,2005,2,2009
5033,230,Visa,Debit,No chip,14362.0,$10k-$25k,2,2005-10-01,2005,2,2006
5041,113,Amex,Credit,No chip,14400.0,$10k-$25k,2,2006-10-01,2006,1,2010
5066,816,Visa,Debit,Chip,13593.0,$10k-$25k,2,2006-10-01,2006,2,2006
5069,489,Visa,Debit,Chip,11347.0,$10k-$25k,2,2006-10-01,2006,2,2009
5078,515,Mastercard,Debit,No chip,6629.0,$1k-$10k,1,2007-10-01,2007,2,2008
5080,47,Mastercard,Credit,Chip,10500.0,$10k-$25k,2,2007-10-01,2007,2,2011
5103,1514,Visa,Credit,Chip,7800.0,$1k-$10k,1,2007-10-01,2007,2,2008
5106,1997,Mastercard,Debit,Chip,3991.0,$1k-$10k,1,2008-10-01,2008,2,2013
5113,103,Mastercard,Credit,Chip,8500.0,$1k-$10k,1,2008-10-01,2008,2,2008
5121,849,Mastercard,Debit,Chip,16640.0,$10k-$25k,2,2008-10-01,2008,1,2009
5140,142,Visa,Debit,Chip,20902.0,$10k-$25k,2,2008-10-01,2008,2,2015
5148,1022,Mastercard,Debit,Chip,16274.0,$10k-$25k,2,2009-10-01,2009,2,2009
5154,908,Mastercard,Debit,Chip,13123.0,$10k-$25k,2,2009-10-01,2009,1,2014
5174,1169,Visa,Debit,Chip,20560.0,$10k-$25k,2,2009-10-01,2009,1,2009
5182,391,Visa,Credit,Chip,9100.0,$1k-$10k,1,2009-10-01,2009,1,2010
5186,437,Discover,Credit,Chip,17400.0,$10k-$25k,2,2010-10-01,2010,1,2013
5189,110,Mastercard,Debit,Chip,13323.0,$10k-$25k,2,2010-10-01,2010,2,2010
5211,1133,Visa,Debit,Chip,12512.0,$10k-$25k,2,2010-10-01,2010,2,2012
5217,1830,Visa,Debit,Chip,17297.0,$10k-$25k,2,2010-10-01,2010,1,2010
5227,230,Amex,Credit,Chip,8700.0,$1k-$10k,1,2011-10-01,2011,2,2013
5228,791,Amex,Credit,Chip,10100.0,$10k-$25k,2,2011-10-01,2011,1,2015
5229,1384,Discover,Credit,Chip,15000.0,$10k-$25k,2,2011-10-01,2011,2,2011
5233,582,Mastercard,Debit,Chip,19536.0,$10k-$25k,2,2011-10-01,2011,1,2014
5272,164,Mastercard,Debit,Chip,28425.0,$25k-$50k,3,2013-10-01,2013,1,2013
5277,811,Visa,Debit,Chip,53036.0,$50k+,4,2013-10-01,2013,1,2013
5281,1730,Visa,Debit,Chip,19450.0,$10k-$25k,2,2013-10-01,2013,1,2013
5282,1648,Visa,Credit,Chip,36700.0,$25k-$50k,3,2013-10-01,2013,1,2013
5312,140,Mastercard,Debit,Chip,13428.0,$10k-$25k,2,2016-10-01,2016,1,2016
5314,1646,Mastercard,Debit,No chip,10671.0,$10k-$25k,2,2016-10-01,2016,1,2016
5346,597,Visa,Debit,No chip,3134.0,$1k-$10k,1,1992-11-01,1992,1,2011
5350,1503,Visa,Credit,Chip,12600.0,$10k-$25k,2,1996-11-01,1996,2,2014
5367,994,Mastercard,Debit,Chip,6088.0,$1k-$10k,1,2001-11-01,2001,1,2005
5381,47,Mastercard,Debit,Chip,8636.0,$1k-$10k,1,2002-11-01,2002,2,2014
5382,32,Mastercard,Debit,Chip,26501.0,$25k-$50k,3,2002-11-01,2002,2,2019
5386,1425,Mastercard,Debit,Chip,13347.0,$10k-$25k,2,2003-11-01,2003,2,2007
5388,1648,Mastercard,Debit,Chip,54057.0,$50k+,4,2003-11-01,2003,2,2012
5393,154,Visa,Debit,Chip,17280.0,$10k-$25k,2,2003-11-01,2003,2,2014
5398,1026,Visa,Credit,Chip,1000.0,$1k-$10k,1,2003-11-01,2003,1,2009
5399,1879,Amex,Credit,Chip,4100.0,$1k-$10k,1,2004-11-01,2004,1,2009
5406,1259,Mastercard,Debit,Chip,62760.0,$50k+,4,2004-11-01,2004,2,2010
5413,488,Mastercard,Debit,No chip,19554.0,$10k-$25k,2,2004-11-01,2004,1,2007
5448,217,Amex,Credit,Chip,6200.0,$1k-$10k,1,2006-11-01,2006,2,2013
5454,437,Mastercard,Debit,Chip,35500.0,$25k-$50k,3,2006-11-01,2006,1,2011
5457,1997,Mastercard,Debit,Chip,3991.0,$1k-$10k,1,2006-11-01,2006,2,2013
5464,1302,Mastercard,Debit,Chip,9883.0,$1k-$10k,1,2006-11-01,2006,1,2010
5487,515,Mastercard,Debit,Chip,2093.0,$1k-$10k,1,2007-11-01,2007,2,2015
5507,729,Visa,Debit,Chip,14424.0,$10k-$25k,2,2007-11-01,2007,1,2010
5509,1523,Visa,Credit,Chip,6300.0,$1k-$10k,1,2007-11-01,2007,1,2007
5519,1613,Mastercard,Credit,Chip,12500.0,$10k-$25k,2,2008-11-01,2008,1,2010
5535,20,Mastercard,Credit,Chip,16400.0,$10k-$25k,2,2008-11-01,2008,1,2008
5548,658,Visa,Credit,Chip,13800.0,$10k-$25k,2,2008-11-01,2008,1,2008
5549,1969,Visa,Debit,Chip,32809.0,$25k-$50k,3,2008-11-01,2008,2,2010
5550,944,Visa,Debit,Chip,42541.0,$25k-$50k,3,2008-11-01,2008,2,2012
5556,1917,Amex,Credit,Chip,13000.0,$10k-$25k,2,2009-11-01,2009,2,2009
5575,209,Mastercard,Debit,Chip,10227.0,$10k-$25k,2,2009-11-01,2009,2,2012
5578,1774,Mastercard,Debit,Chip,10815.0,$10k-$25k,2,2009-11-01,2009,2,2020
5601,1009,Mastercard,Debit,Chip,9902.0,$1k-$10k,1,2010-11-01,2010,1,2012
5602,840,Mastercard,Debit,Chip,10400.0,$10k-$25k,2,2010-11-01,2010,2,2013
5630,47,Visa,Debit (Prepaid),Chip,100.0,Under $1k,0,2010-11-01,2010,2,2010
5632,1302,Visa,Credit,Chip,7900.0,$1k-$10k,1,2010-11-01,2010,2,2015
5652,1646,Mastercard,Credit,Chip,9900.0,$1k-$10k,1,2011-11-01,2011,2,2011
5653,1604,Mastercard,Credit,Chip,11200.0,$10k-$25k,2,2011-11-01,2011,2,2013
5666,1332,Visa,Debit,Chip,40914.0,$25k-$50k,3,2011-11-01,2011,1,2011
5668,716,Mastercard,Debit (Prepaid),No chip,60.0,Under $1k,0,2012-11-01,2012,1,2012
5686,1247,Mastercard,Debit,Chip,18482.0,$10k-$25k,2,2013-11-01,2013,1,2013
5691,1253,Visa,Debit,Chip,39764.0,$25k-$50k,3,2013-11-01,2013,1,2013
5694,162,Visa,Debit,Chip,27266.0,$25k-$50k,3,2013-11-01,2013,2,2013
5695,948,Visa,Debit,Chip,11795.0,$10k-$25k,2,2013-11-01,2013,2,2013
5697,489,Visa,Debit (Prepaid),Chip,71.0,Under $1k,0,2013-11-01,2013,1,2013
5712,1807,Mastercard,Debit,Chip,26838.0,$25k-$50k,3,2015-11-01,2015,2,2015
5714,679,Visa,Debit (Prepaid),Chip,73.0,Under $1k,0,2015-11-01,2015,2,2015
5715,855,Visa,Debit,Chip,11928.0,$10k-$25k,2,2015-11-01,2015,2,2015
5723,955,Mastercard,Debit,Chip,13254.0,$10k-$25k,2,2016-11-01,2016,1,2016
5742,1076,Mastercard,Debit,No chip,12535.0,$10k-$25k,2,2019-11-01,2019,1,2019
5754,1300,Mastercard,Debit,Chip,14661.0,$10k-$25k,2,1997-12-01,1997,2,2009
5761,1411,Mastercard,Debit,Chip,39598.0,$25k-$50k,3,1999-12-01,1999,1,2006
5763,1169,Visa,Credit,Chip,28300.0,$25k-$50k,3,1999-12-01,1999,2,2008
5772,801,Mastercard,Debit,Chip,10311.0,$10k-$25k,2,2001-12-01,2001,1,2006
5773,876,Mastercard,Debit,No chip,9146.0,$1k-$10k,1,2001-12-01,2001,2,2012
5774,738,Mastercard,Credit,Chip,19600.0,$10k-$25k,2,2001-12-01,2001,2,2013
5778,668,Mastercard,Debit,Chip,607.0,Under $1k,0,2002-12-01,2002,2,2010
5779,1826,Mastercard,Debit (Prepaid),Chip,49.0,Under $1k,0,2002-12-01,2002,1,2009
5786,1997,Amex,Credit,Chip,25600.0,$25k-$50k,3,2003-12-01,2003,1,2009
5788,230,Amex,Credit,Chip,4000.0,$1k-$10k,1,2003-12-01,2003,2,2006
5792,1369,Mastercard,Debit,Chip,14716.0,$10k-$25k,2,2003-12-01,2003,2,2012
5803,1917,Amex,Credit,Chip,8600.0,$1k-$10k,1,2004-12-01,2004,2,2009
5808,1997,Mastercard,Debit,Chip,34953.0,$25k-$50k,3,2004-12-01,2004,2,2011
5811,456,Mastercard,Debit,Chip,14824.0,$10k-$25k,2,2004-12-01,2004,2,2011
5822,1166,Visa,Debit,Chip,23737.0,$10k-$25k,2,2004-12-01,2004,2,2010
5829,1980,Mastercard,Debit,Chip,12224.0,$10k-$25k,2,2005-12-01,2005,2,2006
5830,1809,Mastercard,Debit,Chip,18089.0,$10k-$25k,2,2005-12-01,2005,2,2013
5837,1247,Mastercard,Credit,No chip,5700.0,$1k-$10k,1,2005-12-01,2005,2,2010
5856,280,Mastercard,Debit,Chip,14710.0,$10k-$25k,2,2006-12-01,2006,2,2016
5859,776,Mastercard,Debit,Chip,48344.0,$25k-$50k,3,2006-12-01,2006,1,2006
5869,1742,Visa,Debit (Prepaid),Chip,12.0,Under $1k,0,2006-12-01,2006,2,2013
5887,564,Mastercard,Credit,Chip,9700.0,$1k-$10k,1,2007-12-01,2007,1,2011
5893,230,Mastercard,Credit,Chip,7200.0,$1k-$10k,1,2007-12-01,2007,1,2012
5909,1799,Visa,Debit,Chip,47372.0,$25k-$50k,3,2007-12-01,2007,2,2008
5913,1259,Visa,Debit (Prepaid),Chip,76.0,Under $1k,0,2007-12-01,2007,1,2011
5916,855,Visa,Debit,Chip,12188.0,$10k-$25k,2,2007-12-01,2007,2,2011
5928,119,Mastercard,Debit,Chip,13177.0,$10k-$25k,2,2008-12-01,2008,2,2014
5929,1425,Mastercard,Debit,No chip,13606.0,$10k-$25k,2,2008-12-01,2008,2,2016
5938,162,Mastercard,Debit,Chip,39452.0,$25k-$50k,3,2008-12-01,2008,1,2010
5939,1774,Mastercard,Credit,No chip,4000.0,$1k-$10k,1,2008-12-01,2008,1,2012
5957,1975,Mastercard,Credit,Chip,0.0,Under $1k,0,2009-12-01,2009,1,2010
5972,679,Mastercard,Debit,Chip,14713.0,$10k-$25k,2,2009-12-01,2009,2,2011
5978,1487,Visa,Debit,Chip,26083.0,$25k-$50k,3,2009-12-01,2009,1,2009
5980,119,Visa,Credit,Chip,2500.0,$1k-$10k,1,2009-12-01,2009,1,2009
6006,57,Mastercard,Debit,Chip,17614.0,$10k-$25k,2,2010-12-01,2010,2,2013
6010,303,Mastercard,Debit,Chip,32488.0,$25k-$50k,3,2010-12-01,2010,1,2010
6025,1568,Visa,Credit,Chip,13000.0,$10k-$25k,2,2010-12-01,2010,1,2012
6037,1370,Discover,Credit,Chip,18400.0,$10k-$25k,2,2011-12-01,2011,1,2011
6045,1330,Mastercard,Debit,No chip,21820.0,$10k-$25k,2,2011-12-01,2011,1,2011
6051,1586,Visa,Credit,Chip,11800.0,$10k-$25k,2,2011-12-01,2011,1,2011
6053,561,Visa,Debit,Chip,16531.0,$10k-$25k,2,2011-12-01,2011,1,2011
6066,1284,Amex,Credit,Chip,10800.0,$10k-$25k,2,2012-12-01,2012,2,2012
6077,1604,Visa,Debit,Chip,11578.0,$10k-$25k,2,2012-12-01,2012,1,2012
6081,1260,Amex,Credit,Chip,0.0,Under $1k,0,2013-12-01,2013,2,2013
6095,1088,Visa,Debit,Chip,15194.0,$10k-$25k,2,2013-12-01,2013,1,2013
6107,1184,Mastercard,Debit,Chip,27876.0,$25k-$50k,3,2015-12-01,2015,1,2015
6115,921,Visa,Debit,Chip,22704.0,$10k-$25k,2,2015-12-01,2015,1,2015
6119,561,Mastercard,Debit,Chip,14054.0,$10k-$25k,2,2016-12-01,2016,1,2016
